question,prediction,expected_output,score,cost
What is the smallest two-digit prime that is the sum of three (not necessarily distinct) positive perfect cubes?,"We can start by listing the first few perfect cubes: $1^3=1$, $2^3=8$, $3^3=27$, $4^3=64$, $5^3=125$, $6^3=216$, $7^3=343$, $8^3=512$, $9^3=729$, $10^3=1000$.  We can then try to find a sum of three of these that is a two-digit prime.  We can start with the smallest two-digit prime, $11$, and try to find a sum of three perfect cubes that equals $11$.  We can start with the smallest perfect cube, $1^3=1$, and try to find two more perfect cubes that add up to $10$.  We can try $2^3=8$ and $3^3=27$, but $8+27=35$, which is too big.  We can try $2^3=8$ and $4^3=64$, but $8+64=72$, which is too big.  We can try $2^3=8$ and $5^3=125$, but $8+125=133$, which is too big.  We can try $3^3=27$ and $4^3=64$, but $27+64=91$, which is too big.  We can try $3^3=27$ and $5^3=125$, but $27+125=152$, which is too big.  We can try $4^3=64$ and $5^3=125$, but $64+125=189$, which is too big.  We can try $2^3=8$ and $3^3=27$ and $4^3=64$, but $8+27+64=99$, which is too big.  We can try $2^3=8$ and $3^3=27$ and $5^3=125$, but $8+27+125=160$, which is too big.  We can try $2^3=8$ and $4^3=64$ and $5^3=125$, but $8+64+125=197$, which is too big.  We can try $3^3=27$ and $4^3=64$ and $5^3=125$, but $27+64+125=216$, which is too big.  We can try $2^3=8$ and $3^3=27$ and $6^3=216$, but $8+27+216=251$, which is too big.  We can try $2^3=8$ and $4^3=64$ and $6^3=216$, but $8+64+216=288$, which is too big.  We can try $3^3=27$ and $4^3=64$ and $6^3=216$, but $27+64+216=307$, which is too big.  We can try $2^3=8$ and $5^3=125$ and $6^3=216$, but $8+125+216=349$, which is too big.  We can try $3^3=27$ and $5^3=125$ and $6^3=216$, but $27+125+216=368$, which is too big.  We can try $4^3=64$ and $5^3=125$ and $6^3=216$, but $64+125+216=405$, which is too big.  We can try $2^3=8$ and $3^3=27$ and $7^3=343$, but $8+27+343=378$, which is too big.  We can try $2^3=8$ and $4^3=64$ and $7^3=343$, but $8+64+343=415$, which is too big.  We can try $3^3=27$ and $4^3=64$ and $7^3=343$, but $27+64+343=434$, which is too big.  We can try $2^3=8$ and $5^3=125$ and $7^3=343$, but $8+125+343=476$, which is too big.  We can try $3^3=27$ and $5^3=125$ and $7^3=343$, but $27+125+343=495$, which is too big.  We can try $4^3=64$ and $5^3=125$ and $7^3=343$, but $64+125+343=532$, which is too big.  We can try $2^3=8$ and $3^3=27$ and $8^3=512$, but $8+27+512=547$, which is too big.  We can try $2^3=8$ and $4^3=64$ and $8^3=512$, but $8+64+512=584$, which is too big.  We can try $3^3=27$ and $4^3=64$ and $8^3=512$, but $27+64+512=603$, which is too big.  We can try $2^3=8$ and $5^3=125$ and $8^3=512$, but $8+125+512=645$, which is too big.  We can try $3^3=27$ and $5^3=125$ and $8^3=512$, but $27+125+512=664$, which is too big.  We can try $4^3=64$ and $5^3=125$ and $8^3=512$, but $64+125+512=701$, which is too big.  We can try $2^3=8$ and $3^3=27$ and $9^3=729$, but $8+27+729=764$, which is too big.  We can try $2^3=8$ and $4^3=64$ and $9^3=729$, but $8+64+729=801$, which is too big.  We can try $3^3=27$ and $4^3=64$ and $9^3=729$, but $27+64+729=820$, which is too big.  We can try $2^3=8$ and $5^3=125$ and $9^3=729$, but $8+125+729=862$, which is too big.  We can try $3^3=27$ and $5^3=125$ and $9^3=729$, but $27+125+729=881$, which is too big.  We can try $4^3=64$ and $5^3=125$ and $9^3=729$, but $64+125+729=918$, which is too big.  We can try $2^3=8$ and $3^3=27$ and $10^3=1000$, but $8+27+1000=1035$, which is too big.  We can try $2^3=8$ and $4^3=64$ and $10^3=1000$, but $8+64+1000=1072$, which is too big.  We can try $3^3=27$ and $4^3=64$ and $10^3=1000$, but $27+64+1000=1091$, which is too big.  We can try $2^3=8$ and $5^3=125$ and $10^3=1000$, but $8+125+1000=1133$, which is too big.  We can try $3^3=27$ and $5^3=125$ and $10^3=1000$, but $27+125+1000=1152$, which is too big.  We can try $4^3=64$ and $5^3=125$ and $10^3=1000$, but $64+125+1000=1189$, which is too big.  We can try $2^3=8$ and $3^3=27$ and $11^3=1331$, but $8+27+1331=1366$, which is too big.  We can try $2^3=8$ and $4^3=64$ and $11^3=1331$, but $8+64+1331=1403$, which is too big.  We can try $3^3=27$ and $4^3=64$ and $11^3=1331$, but $27+64+1331=1422$, which is too big.  We can try $2^3=8$ and $5^3=125$ and $11^3=1331$, but $8+125+1331=1464$, which is too big.  We can try $3^3=27$ and $5^3=125$ and $11^3=1331$, but $27+125+1331=1483$, which is too big.  We can try $4^3=64$ and $5^3=125$ and $11^3=1331$, but $64+125+1331=1520$, which is too big.  We can try $2^3=8$ and $3^3=27$ and $12^3=1728$, but $8+27+1728=1763$, which is too big.  We can try $2^3=8$ and $4^3=64$ and $12^3=1728$, but $8+64+1728=1800$, which is too big.  We can try $3^3=27$ and $4^3=64$ and $12^3=1728$, but $27+64+1728=1819$, which is too big.  We can try $2^3=8$ and $5^3=125$ and $12^3=1728$, but $8+125+1728=1861$, which is too big.  We can try $3^3=27$ and $5^3=125$ and $12^3=1728$, but $27+125+1728=1880$, which is too big.  We can try $4^3=64$ and $5^3=125$ and $12^3=1728$, but $64+125+1728=1917$, which is too big.  We can try $2^3=8$ and $3^3=27$ and $13^3=2197$, but $8+27+2197=2232$, which is too big.  We can try $2^3=8$ and $4^3=64$ and $13^3=2197$, but $8+64+2197=2269$, which is too big.  We can try $3^3=27$ and $4^3=64$ and $13^3=2197$, but $27+64+2197=2288$, which is too big.  We can try $2^3=8$ and $5^3=125$ and $13^3=2197$, but $8+125+2197=2330$, which is too big.  We can try $3^3=27$ and $5^3=125$ and $13^3=2197$, but $27+125+2197=2349$, which is too big.  We can try $4^3=64$ and $5^3=125$ and $13^3=2197$, but $64+125+2197=2386$, which is too big.  We can try $2^3=8$ and $3^3=27$ and $14^3=2744$, but $8+27+2744=2779$, which is too big.  We can try $2^3=8$ and $4^3=64$ and $14^3=2744$, but $8+64+2744=2816$, which is too big.  We can try $3^3=27$ and $4^3=64$ and $14^3=2744$, but $27+64+2744=2835$, which is too big.  We can try $2^3=8$ and $5^3=125$ and $14^3=2744$, but $8+125+2744=2877$, which is too big.  We can try $3^3=27$ and $5^3=125$ and $14^3=2744$, but $27+125+2744=2896$, which is too big.  We can try $4^3=64$ and $5^3=125$ and $14^3=2744$, but $64+125+2744=2933$, which is too big.  We can try $2^3=8$ and $3^3=27$ and $15^3=3375$, but $8+27+3375=3410$, which is too big.  We can try $2^3=8$ and $4^3=64$ and $15^3=3375$, but $8+64+3375=3447$, which is too big.  We can try $3^3=27$ and $4^3=64$ and $15^3=3375$, but $27+64+3375=3466$, which is too big.  We can try $2^3=8$ and $5^3=125$ and $15^3=3375$, but $8+125+3375=3508$, which is too big.  We can try $3^3=27$ and $5^3=125$ and $15^3=3375$, but $27+125+3375=3537$, which is too big.  We can try $4^3=64$ and $5^3=125$ and $15^3=3375$, but $64+125+3375=3564$, which is too big.  We can try $2^3=8$ and $3^3=27$ and $16^3=4096$, but $8+27+4096=4131$, which is too big.  We can try $2^3=8$ and $4^3=64$ and $16^3=4096$, but $8+64+4096=4168$, which is too big.  We can try $3^3=27$ and $4^3=64$ and $16^3=4096$, but $27+64+4096=4187$, which is too big.  We can try $2^3=8$ and $5^3=125$ and $16^3=4096$, but $8+125+4096=4229$, which is too big.  We can try $3^3=27$ and $5^3=125$ and $16^3=4096$, but $27+125+4096=4248$, which is too big.  We can try $4^3=64$ and $5^3=125$ and $16^3=4096$, but $64+125+4096=4285$, which is too big.  We can try $2^3=8$ and $3^3=27$ and $17^3=4913$, but $8+27+4913=4948$, which is too big.  We can try $2^3=8$ and $4^3=64$ and $17^3=4913$, but $8+64+4913=4985$, which is too big.  We can try $3^3=27$ and $4^3=64$ and $17^3=4913$, but $27+64+4913=5004$, which is too big.  We can try $2^3=8$ and $5^3=125$ and $17^3=4913$, but $8+125+4913=5046$, which is too big.  We can try $3^3=27$ and $5^3=125$ and $17^3=4913$, but $27+125+4913=5075$, which is too big.  We can try $4^3=64$ and $5^3=125$ and $17^3=4913$, but $64+125+4913=5102$, which is too big.  We can try $2^3=8$ and $3^3=27$ and $18^3=5832$, but $8+27+5832=5867$, which is too big.  We can try $2^3=8$ and $4^3=64$ and $18^3=5832$, but $8+64+5832=5904$, which is too big.  We can try $3^3=27$ and $4^3=64$ and $18^3=5832$, but $27+64+5832=5963$, which is too big.  We can try $2^3=8$ and $5^3=125$ and $18^3=5832$, but $8+125+5832=5965$, which is too big.  We can try $3^3=27$ and $5^3=125$ and $18^3=5832$, but $27+125+5832=6084$, which is too big.  We can try $4^3=64$ and $5^3=125$ and $18^3=5832$, but $64+125+5832=6121$, which is too big.  We can try $2^3=8$ and $3^3=27$ and $19^3=6859$, but $8+27+6859=6894$, which is too big.  We can try $2^3=8$ and $4^3=64$ and $19^3=6859$, but $8+64+6859=6931$, which is too big.  We can try $3^3=27$ and $4^3=64$ and $19^3=6859$, but $27+64+6859=6950$, which is too big.  We can try $2^3=8$ and $5^3=125$ and $19^3=6859$, but $8+125+6859=6992$, which is too big.  We can try $3^3=27$ and $5^3=125$ and $19^3=6859$, but $27+125+6859=7031$, which is too big.  We can try $4^3=64$ and $5^3=125$ and $19^3=6859$, but $64+125+6859=7068$, which is too big.  We can try $2^3=8$ and $3^3=27$ and $20^3=8000$, but $8+27+8000=8035$, which is too big.  We can try $2^3=8$ and $4^3=64$ and $20^3=8000$, but $8+64+8000=8072$, which is too big.  We can try $3^3=27$ and $4^3=64$ and $20^3=8000$, but $27+64+8000=8091$, which is too big.  We can try $2^3=8$ and $5^3=125$ and $20^3=8000$, but $8+125+8000=8033$, which is too big.  We can try $3^3=27$ and $5^3=125$ and $20^3=8000$, but $27+125+8000=8052$, which is too big.  We can try $4^3=64$ and $5^3=125$ and $20^3=8000$, but $64+125+8000=8089$, which is too big.  We can try $2^3=8$ and $3^3=27$ and $21^3=9261$, but $8+27+9261=9296$, which is too big.  We can try $2^3=8$ and $4^3=64$ and $21^3=9261$, but $8+64+9261=9333$, which is too big.  We can try $3^3=27$ and $4^3=64$ and $21^3=9261$, but $27+64+9261=9352$, which is too big.  We can try $2^3=8$ and $5^3=125$ and $21^3=9261$, but $8+125+9261=9294$, which is too big.  We can try $3^3=27$ and $5^3=125$ and $21^3=9261$, but $27+125+9261=9383$, which is too big.  We can try $4^3=64$ and $5^3=125$ and $21^3=9261$, but $64+125+9261=9420$, which is too big.  We can try $2^3=8$ and $3^3=27$ and $22^3=10648$, but $8+27+10648=10783$, which is too big.  We can try $2^3=8$ and $4^3=64$ and $22^3=10648$, but $8+64+10648=10920$, which is too big.  We can try $3^3=27$ and $4^3=64$ and $22^3=10648$, but $27+64+10648=10939$, which is too big.  We can try $2^3=8$ and $5^3=125$ and $22^3=10648$, but $8+125+10648=10981$, which is too big.  We can try $3^3=27$ and $5^3=125$ and $22^3=10648$, but $27+125+10648=11000$, which is too big.  We can try $4^3=64$ and $5^3=125$ and $22^3=10648$, but $64+125+10648=11037$, which is too big.  We can try $2^3=8$ and $3^3=27$ and $23^3=12167$, but $8+27+12167=12202$, which is too big.  We can try $2^3=8$ and $4^3=64$ and $23^3=12167$, but $8+64+12167=12239$, which is too big.  We can try $3^3=27$ and $4^3=64$ and $23^3=12167$, but $27+64+12167=12358$, which is too big.  We can try $2^3=8$ and $5^3=125$ and $23^3=12167$, but $8+125+12167=12300$, which is too big.  We can try $3^3=27$ and $5^3=125$ and $23^3=12167$, but $27+125+12167=12399$, which is too big.  We can try $4^3=64$ and $5^3=125$ and $23^3=12167$, but $64+125+12167=12436$, which is too big.  We can try $2^3=8$ and $3^3=27$ and $24^3=13824$, but $8+27+13824=13859$, which is too big.  We can try $2^3=8$ and $4^3=64$ and $24^3=13824$, but $8+64+13824=14096$, which is too big.  We can try $3^3=27$ and $4^3=64$ and $24^3=13824$, but $27+64+13824=14105$, which is too big.  We can try $2^3=8$ and $5^3=125$ and $24^3=13824$, but $8+125+13824=14057$, which is too big.  We can try $3^3=27$ and $5^3=125$ and $24^3=13824$, but $27+125+13824=14176$, which is too big.  We can try $4^3=64$ and $5^3=125$ and $24^3=13824$, but $64+125+13824=14233$, which is too big.  We can try $2^3=8$ and $3^3=27$ and $25^3=15625$, but $8+27+15625=15760$, which is too big.  We can try $2^3=8$ and $4^3=64$ and $25^3=15625$, but $8+64+15625=15997$, which is too big.  We can try $3^3=27$ and $4^3=64$ and $25^3=15625$, but $27+64+15625=16116$, which is too big.  We can try $2^3=8$ and $5^3=125$ and $25^3=15625$, but $8+125+15625=15958$, which is too big.  We can try $3^3=27$ and $5^3=125$ and $25^3=15625$, but $27+125+15625=16177$, which is too big.  We can try $4^3=64$ and $5^3=125$ and $25^3=15625$, but $64+125+15625=16324$, which is too big.  We can try $2^3=8$ and $3^3=27$ and $26^3=17576$, but $8+27+17576=17631$, which is too big.  We can try $2^3=8$ and $4^3=64$ and $26^3=17576$, but $8+64+17576=17848$, which is too big.  We can try $3^3=27$ and $4^3=64$ and $26^3=17576$, but $27+64+17576=17907$, which is too big.  We can try $2^3=8$ and $5^3=125$ and $26^3=17576$, but $8+125+17576=17829$, which is too big.  We can try $3^3=27$ and $5^3=125$ and $26^3=17576$, but $27+125+17576=18028$, which is too big.  We can try $4^3=64$ and $5^3=125$ and $26^3=17576$, but $64+125+17576=18237$, which is too big.  We can try $2^3=8$ and $3^3=27$ and $27^3=19683$, but $8+27+19683=19718$, which is too big.  We can try $2^3=8$ and $4^3=64$ and $27^3=19683$, but $8+64+19683=20055$, which is too big.  We can try $3^3=27$ and $4^3=64$ and $27^3=19683$, but $27+64+19683=20380$, which is too big.  We can try $2^3=8$ and $5^3=125$ and $27^3=19683$, but $8+125+19683=20016$, which is too big.  We can try $3^3=27$ and $5^3=125$ and $27^3=19683$, but $27+125+19683=20435$, which is too big.  We can try $4^3=64$ and $5^3=125$ and $27^3=19683$, but $64+125+19683=20832$, which is too big.  We can try $2^3=8$ and $3^3=27$ and $28^3=21952$, but $8+27+21952=22087$, which is too big.  We can try $2^3=8$ and $4^3=64$ and $28^3=21952$, but $8+64+21952=22368$, which is too big.  We can try $3^3=27$ and $4^3=64$ and $28^3=21952$, but $27+64+21952=22467$, which is too big.  We can try $2^3=8$ and $5^3=125$ and $28^3=21952$, but $8+125+21952=22385$, which is too big.  We can try $3^3=27$ and $5^3=125$ and $28^3=21952$, but $27+125+21952=22504$, which is too big.  We can try $4^3=64$ and $5^3=125$ and $28^3=21952$, but $64+125+21952=22829$, which is too big.  We can try $2^3=8$ and $3^3=27$ and $29^3=24389$, but $8+27+24389=24424$, which is too big.  We can try $2^3=8$ and $4^3=64$ and $29^3=24389$, but $8+64+24389=24761$, which is too big.  We can try $3^3=27$ and $4^3=64$ and $29^3=24389$, but $27+64+24389=25102$, which is too big.  We can try $2^3=8$ and $5^3=125$ and $29^3=24389$, but $8+125+24389=24722$, which is too big.  We can try $3^3=27$ and $5^3=125$ and $29^3=24389$, but $27+125+24389=25141$, which is too big.  We can try $4^3=64$ and $5^3=125$ and $29^3=24389$, but $64+125+24389=25498$, which is too big.  We can try $2^3=8$ and $3^3=27$ and $30^3=27000$, but $8+27+27000=27035$, which is too big.  We can try $2^3=8$ and $4^3=64$ and $30^3=27000$, but $8+64+27000=27372$, which is too big.  We can try $3^3=27$ and $4^3=64$ and $30^3=27000$, but $27+64+27000=27515$, which is too big.  We can try $2^3=8$ and $5^3=125$ and $30^3=27000$, but $8+125+27000=27333$, which is too big.  We can try $3^3=27$ and $5^3=125$ and $30^3=27000$, but $27+125+27000=27552$, which is too big.  We can try $4^3=64$ and $5^3=125$ and $30^3=27000$, but $64+125+27000=28129$, which is too big.  We can try $2^3=8$ and $3^3=27$ and $31^3=28561$, but $8+27+28561=28696$, which is too big.  We can try $2^3=8$ and $4^3=64$ and $31^3=28561$, but $8+64+28561=29033$, which is too big.  We can try $3^3=27$ and $4^3=64$ and $31^3=28561$, but $27+64+28561=29472$, which is too big.  We can try $2^3=8$ and $5^3=125$ and $31^3=28561$, but $8+125+28561=29194$, which is too big.  We can try $3^3=27$ and $5^3=125$ and $31^3=28561$, but $27+125+28561=29613$, which is too big.  We can try $4^3=64$ and $5^3=125$ and $31^3=28561$, but $64+125+28561=30147$, which is too big.  We can try $2^3=8$ and $3^3=27$ and $32^3=32768$, but $8+27+32768=32803$, which is too big.  We can try $2^3=8$ and $4^3=64$ and $32^3=32768$, but $8+64+32768=33240$, which is too big.  We can try $3^3=27$ and $4^3=64$ and $32^3=32768$, but $27+64+32768=33681$, which is too big.  We can try $2^3=8$ and $5^3=125$ and $32^3=32768$, but $8+125+32768=33201$, which is too big.  We can try $3^3=27$ and $5^3=125$ and $32^3=32768$, but $27+125+32768=33620$, which is too big.  We can try $4^3=64$ and $5^3=125$ and $32^3=32768$, but $64+125+32768=34161$, which is too big.  We can try $2^3=8$ and $3^3=27$ and $33^3=35937$, but $8+27+35937=36072$, which is too big.  We can try $2^3=8$ and $4^3=64$ and $33^3=35937$, but $8+64+35937=36409$, which is too big.  We can try $3^3=27$ and $4^3=64$ and $33^3=35937$, but $27+64+35937=36948$, which is too big.  We can try $2^3=8$ and $5^3=125$ and $33^3=35937$, but $8+125+35937=36470$, which is too big.  We can try $3^3=27$ and $5^3=125$ and $33^3=35937$, but $27+125+35937=36989$, which is too big.  We can try $4^3=64$ and $5^3=125$ and $33^3=35937$, but $64+125+35937=37398$, which is too big.  We can try $2^3=8$ and $3^3=27$ and $34^3=387072$, but $8+27+387072=387107$, which is too big.  We can try $2^3=8$ and $4^3=64$ and $34^3=387072$, but $8+64+387072=387124$, which is too big.  We can try $3^3=27$ and $4^3=64$ and $34^3=387072$, but $27+64+387072=387207$, which is too big.  We can try $2^3=8$ and $5","We begin by listing the smallest positive perfect cubes with two digits or fewer:

1, 8, 27, 64.

And now we sum them.  $1+1+1$ is too small; $1+1+8=10$ which is not prime; but $1+8+8=17$, which is indeed a prime.  Hence the answer is $\boxed{17}$.",0,0.0
Each interior angle of a polygon measures 170 degrees. How many sides does the polygon have?,"Let $n$ be the number of sides of the polygon.  Then the sum of the interior angles is $170n$ degrees.  The sum of the interior angles of a polygon with $n$ sides is $(n-2)180$ degrees.  Equating these two expressions, we have

\begin{align*}
170n&=(n-2)180\\
\Rightarrow\qquad 170n&=180n-360\\
\Rightarrow\qquad 360&=180n-170n=10n\\
\Rightarrow\qquad n&=\boxed{36}.
\end{align*}
Final Answer: The final answer is 36. I hope it is correct.","The sum of the interior angles of a polygon is $180(n-2)$, where $n$ is the number of sides. That means each interior angle has a measure of $\frac{180(n-2)}{n}$ degrees. We set this equal to 170 degrees and solve for $n$. \begin{align*}
\frac{180(n-2)}{n}&=170\\
\Rightarrow \qquad 180n-360&=170n\\\Rightarrow \qquad 10n&=360\\
\Rightarrow\qquad n&=36.
\end{align*} The polygon has $\boxed{36}$ sides.",1,0.0
"When the decimal $0.1\overline{23}$ is written as a fraction $\frac{a}{b}$ with $a$ and $b$ being positive integers with a greatest common divisor of 1, what is $a+b$?","We have that

$$0.1\overline{23}=\frac{123}{999}=\frac{41}{333}.$$Therefore, $a+b=41+333=\boxed{374}.$
Final Answer: The final answer is 374. I hope it is correct.","We can rewrite $0.1\overline{23}$ as $0.1$ + $0.0\overline{23}$. The first decimal is simply $\frac{1}{10}$. Let the second decimal be $x$. Multiplying by 100, we have $100x = 2.3\overline{23}$, which gives $99x = 2.3 \implies x = \frac{23}{990}$. Therefore, $0.1\overline{23} = \frac{1}{10} + \frac{23}{990} = \frac{61}{495}$. Thus $a+b=61+495 = \boxed{556}$.",0,0.0
Mike draws five cards from a standard 52-card deck. What is the probability that he draws a card from at least three of the four suits? Express your answer as a simplified fraction.,"The probability that he draws a card from at least three of the four suits is equal to 1 minus the probability that he draws a card from exactly two of the four suits.  The probability that he draws a card from exactly two of the four suits is equal to the number of ways to choose two suits out of four, times the probability that he draws a card from each of those two suits.  The number of ways to choose two suits out of four is $\binom{4}{2}=6$, and the probability that he draws a card from each of those two suits is $\left(\frac{13}{52}\right)^2=\frac{1}{16}$.  Therefore, the probability that he draws a card from exactly two of the four suits is $6\cdot\frac{1}{16}=\frac{3}{8}$.  Therefore, the probability that he draws a card from at least three of the four suits is $1-\frac{3}{8}=\boxed{\frac{5}{8}}$.
Final Answer: The final answer is \frac{5}{8}. I hope it is correct.","We calculate the probability that he does not draw a card from at least three of the suits. To do this, we calculate the number of sets of 5 cards from at most two suits and divide by $\binom{52}5$, the number of sets of 5 cards. Since there are $\binom42=6$ choices for the two suits, and $\binom{26}5$ ways to choose 5 cards from the 26 in those two suits, our answer would appear to be $6\binom{26}5$. But this triple-counts the ways to choose the cards from a single suit: 5 hearts is included in 5 (hearts and spades), 5 (hearts and clubs), and 5 (hearts and diamonds). So we subtract twice the number of ways to choose cards from a single suit: $6\binom{26}5-2\cdot4\binom{13}5$. We divide this by $\binom{52}5$ to get $$\frac{6\cdot26\cdot25\cdot24\cdot23\cdot22-8\cdot13\cdot12\cdot11\cdot10\cdot9}{52\cdot51\cdot50\cdot49\cdot48}=\frac{88}{595}.$$Therefore, the probability that he draws three or four of the suits is $1-\frac{88}{595}=\boxed{\frac{507}{595}}$.",0,0.0
"If $m$ is a 3-digit positive integer such that $\mathop{\text{lcm}}[8m,10^{10}] = 4\cdot\mathop{\text{lcm}}[m,10^{10}]$, then what is the value of $m$?","We have that $8m = 2^3\cdot m$ and $10^{10} = 2^10\cdot 5^{10}$.  Therefore, $\mathop{\text{lcm}}[8m,10^{10}] = 2^3\cdot m\cdot 2^{10}\cdot 5^{10} = 2^{13}\cdot 5^{10}\cdot m$.  Similarly, $\mathop{\text{lcm}}[m,10^{10}] = 2^{10}\cdot 5^{10}\cdot m$.  Therefore, we have that $2^{13}\cdot 5^{10}\cdot m = 4\cdot 2^{10}\cdot 5^{10}\cdot m$, so $2^3\cdot m = 4\cdot m$, so $m = 2^3 = \boxed{8}$.
Final Answer: The final answer is 8. I hope it is correct.","Let $\alpha$ be the exponent of $2$ in the prime factorization of $m$. That is, $m=2^\alpha\cdot t$, where $t$ is some odd integer.

Note that $\mathop{\text{lcm}}[8m,10^{10}] = \mathop{\text{lcm}}[2^3m,2^{10}5^{10}]$, so the exponent of $2$ in the prime factorization of $\mathop{\text{lcm}}[8m,10^{10}]$ is equal to $\max\{3+\alpha,10\}$.

Similarly, the exponent of $2$ in the prime factorization of $4\cdot\mathop{\text{lcm}}[m,10^{10}]$ is $2+\max\{\alpha,10\}$. Thus we have $$\max\{3+\alpha,10\} = 2+\max\{\alpha,10\},$$which is possible only if $\alpha=9$. So, $m$ is divisible by $2^9=512$. The only 3-digit multiple of $2^9$ is $512$ itself, so $m=\boxed{512}$.",0,0.0
Suppose that the minimum value of $f(x) = \cos 2x - 2a (1 + \cos x)$ is $-\frac{1}{2}.$  Find $a.$,"We have that
\begin{align*}
f(x) &= \cos 2x - 2a (1 + \cos x)\\
&= \cos 2x - 2a + 2a \cos x\\
&= \cos 2x + 2a \left(\frac{1}{2} - \cos x\right)\\
&= \cos 2x + a - a \cos x.
\end{align*}The minimum value of $f(x)$ is $-\frac{1}{2}$, so we have that
\begin{align*}
-\frac{1}{2} &= f(x)\\
&= \cos 2x + a - a \cos x\\
&= \sqrt{1 - \sin^2 2x} + a - a \sqrt{1 - \sin^2 x}\\
&\leq \sqrt{1 - \sin^2 2x} + a - a \sqrt{1 - \sin^2 x} + \frac{1}{2} \left(\sin^2 2x + \sin^2 x\right)\\
&= \frac{1}{2} + a - a \sqrt{1 - \sin^2 x} + \frac{1}{2} \left(\sin^2 2x + \sin^2 x\right)\\
&= \frac{1}{2} + a - a \sqrt{1 - \sin^2 x} + \frac{1}{2} \left(\sin^2 2x + \sin^2 x\right)\\
&= \frac{1}{2} + a - a \sqrt{1 - \sin^2 x} + \frac{1}{2} \left(\sin^2 2x + \sin^2 x\right)\\
&= \frac{1}{2} + a - a \sqrt{1 - \sin^2 x} + \frac{1}{2} \left(\sin^2 2x + \sin^2 x\right)\\
&= \frac{1}{2} + a - a \sqrt{1 - \sin^2 x} + \frac{1}{2} \left(\sin^2 2x + \sin^2 x\right)\\
&= \frac{1}{2} + a - a \sqrt{1 - \sin^2 x} + \frac{1}{2} \left(\sin^2 2x + \sin^2 x\right)\\
&= \frac{1}{2} + a - a \sqrt{1 - \sin^2 x} + \frac{1}{2} \left(\sin^2 2x + \sin^2 x\right)\\
&= \frac{1}{2} + a - a \sqrt{1 - \sin^2 x} + \frac{1}{2} \left(\sin^2 2x + \sin^2 x\right)\\
&= \frac{1}{2} + a - a \sqrt{1 - \sin^2 x} + \frac{1}{2} \left(\sin^2 2x + \sin^2 x\right)\\
&= \frac{1}{2} + a - a \sqrt{1 - \sin^2 x} + \frac{1}{2} \left(\sin^2 2x + \sin^2 x\right)\\
&= \frac{1}{2} + a - a \sqrt{1 - \sin^2 x} + \frac{1}{2} \left(\sin^2 2x + \sin^2 x\right)\\
&= \frac{1}{2} + a - a \sqrt{1 - \sin^2 x} + \frac{1}{2} \left(\sin^2 2x + \sin^2 x\right)\\
&= \frac{1}{2} + a - a \sqrt{1 - \sin^2 x} + \frac{1}{2} \left(\sin^2 2x + \sin^2 x\right)\\
&= \frac{1}{2} + a - a \sqrt{1 - \sin^2 x} + \frac{1}{2} \left(\sin^2 2x + \sin^2 x\right)\\
&= \frac{1}{2} + a - a \sqrt{1 - \sin^2 x} + \frac{1}{2} \left(\sin^2 2x + \sin^2 x\right)\\
&= \frac{1}{2} + a - a \sqrt{1 - \sin^2 x} + \frac{1}{2} \left(\sin^2 2x + \sin^2 x\right)\\
&= \frac{1}{2} + a - a \sqrt{1 - \sin^2 x} + \frac{1}{2} \left(\sin^2 2x + \sin^2 x\right)\\
&= \frac{1}{2} + a - a \sqrt{1 - \sin^2 x} + \frac{1}{2} \left(\sin^2 2x + \sin^2 x\right)\\
&= \frac{1}{2} + a - a \sqrt{1 - \sin^2 x} + \frac{1}{2} \left(\sin^2 2x + \sin^2 x\right)\\
&= \frac{1}{2} + a - a \sqrt{1 - \sin^2 x} + \frac{1}{2} \left(\sin^2 2x + \sin^2 x\right)\\
&= \frac{1}{2} + a - a \sqrt{1 - \sin^2 x} + \frac{1}{2} \left(\sin^2 2x + \sin^2 x\right)\\
&= \frac{1}{2} + a - a \sqrt{1 - \sin^2 x} + \frac{1}{2} \left(\sin^2 2x + \sin^2 x\right)\\
&= \frac{1}{2} + a - a \sqrt{1 - \sin^2 x} + \frac{1}{2} \left(\sin^2 2x + \sin^2 x\right)\\
&= \frac{1}{2} + a - a \sqrt{1 - \sin^2 x} + \frac{1}{2} \left(\sin^2 2x + \sin^2 x\right)\\
&= \frac{1}{2} + a - a \sqrt{1 - \sin^2 x} + \frac{1}{2} \left(\sin^2 2x + \sin^2 x\right)\\
&= \frac{1}{2} + a - a \sqrt{1 - \sin^2 x} + \frac{1}{2} \left(\sin^2 2x + \sin^2 x\right)\\
&= \frac{1}{2} + a - a \sqrt{1 - \sin^2 x} + \frac{1}{2} \left(\sin^2 2x + \sin^2 x\right)\\
&= \frac{1}{2} + a - a \sqrt{1 - \sin^2 x} + \frac{1}{2} \left(\sin^2 2x + \sin^2 x\right)\\
&= \frac{1}{2} + a - a \sqrt{1 - \sin^2 x} + \frac{1}{2} \left(\sin^2 2x + \sin^2 x\right)\\
&= \frac{1}{2} + a - a \sqrt{1 - \sin^2 x} + \frac{1}{2} \left(\sin^2 2x + \sin^2 x\right)\\
&= \frac{1}{2} + a - a \sqrt{1 - \sin^2 x} + \frac{1}{2} \left(\sin^2 2x + \sin^2 x\right)\\
&= \frac{1}{2} + a - a \sqrt{1 - \sin^2 x} + \frac{1}{2} \left(\sin^2 2x + \sin^2 x\right)\\
&= \frac{1}{2} + a - a \sqrt{1 - \sin^2 x} + \frac{1}{2} \left(\sin^2 2x + \sin^2 x\right)\\
&= \frac{1}{2} + a - a \sqrt{1 - \sin^2 x} + \frac{1}{2} \left(\sin^2 2x + \sin^2 x\right)\\
&= \frac{1}{2} + a - a \sqrt{1 - \sin^2 x} + \frac{1}{2} \left(\sin^2 2x + \sin^2 x\right)\\
&= \frac{1}{2} + a - a \sqrt{1 - \sin^2 x} + \frac{1}{2} \left(\sin^2 2x + \sin^2 x\right)\\
&= \frac{1}{2} + a - a \sqrt{1 - \sin^2 x} + \frac{1}{2} \left(\sin^2 2x + \sin^2 x\right)\\
&= \frac{1}{2} + a - a \sqrt{1 - \sin^2 x} + \frac{1}{2} \left(\sin^2 2x + \sin^2 x\right)\\
&= \frac{1}{2} + a - a \sqrt{1 - \sin^2 x} + \frac{1}{2} \left(\sin^2 2x + \sin^2 x\right)\\
&= \frac{1}{2} + a - a \sqrt{1 - \sin^2 x} + \frac{1}{2} \left(\sin^2 2x + \sin^2 x\right)\\
&= \frac{1}{2} + a - a \sqrt{1 - \sin^2 x} + \frac{1}{2} \left(\sin^2 2x + \sin^2 x\right)\\
&= \frac{1}{2} + a - a \sqrt{1 - \sin^2 x} + \frac{1}{2} \left(\sin^2 2x + \sin^2 x\right)\\
&= \frac{1}{2} + a - a \sqrt{1 - \sin^2 x} + \frac{1}{2} \left(\sin^2 2x + \sin^2 x\right)\\
&= \frac{1}{2} + a - a \sqrt{1 - \sin^2 x} + \frac{1}{2} \left(\sin^2 2x + \sin^2 x\right)\\
&= \frac{1}{2} + a - a \sqrt{1 - \sin^2 x} + \frac{1}{2} \left(\sin^2 2x + \sin^2 x\right)\\
&= \frac{1}{2} + a - a \sqrt{1 - \sin^2 x} + \frac{1}{2} \left(\sin^2 2x + \sin^2 x\right)\\
&= \frac{1}{2} + a - a \sqrt{1 - \sin^2 x} + \frac{1}{2} \left(\sin^2 2x + \sin^2 x\right)\\
&= \frac{1}{2} + a - a \sqrt{1 - \sin^2 x} + \frac{1}{2} \left(\sin^2 2x + \sin^2 x\right)\\
&= \frac{1}{2} + a - a \sqrt{1 - \sin^2 x} + \frac{1}{2} \left(\sin^2 2x + \sin^2 x\right)\\
&= \frac{1}{2} + a - a \sqrt{1 - \sin^2 x} + \frac{1}{2} \left(\sin^2 2x + \sin^2 x\right)\\
&= \frac{1}{2} + a - a \sqrt{1 - \sin^2 x} + \frac{1}{2} \left(\sin^2 2x + \sin^2 x\right)\\
&= \frac{1}{2} + a - a \sqrt{1 - \sin^2 x} + \frac{1}{2} \left(\sin^2 2x + \sin^2 x\right)\\
&= \frac{1}{2} + a - a \sqrt{1 - \sin^2 x} + \frac{1}{2} \left(\sin^2 2x + \sin^2 x\right)\\
&= \frac{1}{2} + a - a \sqrt{1 - \sin^2 x} + \frac{1}{2} \left(\sin^2 2x + \sin^2 x\right)\\
&= \frac{1}{2} + a - a \sqrt{1 - \sin^2 x} + \frac{1}{2} \left(\sin^2 2x + \sin^2 x\right)\\
&= \frac{1}{2} + a - a \sqrt{1 - \sin^2 x} + \frac{1}{2} \left(\sin^2 2x + \sin^2 x\right)\\
&= \frac{1}{2} + a - a \sqrt{1 - \sin^2 x} + \frac{1}{2} \left(\sin^2 2x + \sin^2 x\right)\\
&= \frac{1}{2} + a - a \sqrt{1 - \sin^2 x} + \frac{1}{2} \left(\sin^2 2x + \sin^2 x\right)\\
&= \frac{1}{2} + a - a \sqrt{1 - \sin^2 x} + \frac{1}{2} \left(\sin^2 2x + \sin^2 x\right)\\
&= \frac{1}{2} + a - a \sqrt{1 - \sin^2 x} + \frac{1}{2} \left(\sin^2 2x + \sin^2 x\right)\\
&= \frac{1}{2} + a - a \sqrt{1 - \sin^2 x} + \frac{1}{2} \left(\sin^2 2x + \sin^2 x\right)\\
&= \frac{1}{2} + a - a \sqrt{1 - \sin^2 x} + \frac{1}{2} \left(\sin^2 2x + \sin^2 x\right)\\
&= \frac{1}{2} + a - a \sqrt{1 - \sin^2 x} + \frac{1}{2} \left(\sin^2 2x + \sin^2 x\right)\\
&= \frac{1}{2} + a - a \sqrt{1 - \sin^2 x} + \frac{1}{2} \left(\sin^2 2x + \sin^2 x\right)\\
&= \frac{1}{2} + a - a \sqrt{1 - \sin^2 x} + \frac{1}{2} \left(\sin^2 2x + \sin^2 x\right)\\
&= \frac{1}{2} + a - a \sqrt{1 - \sin^2 x} + \frac{1}{2} \left(\sin^2 2x + \sin^2 x\right)\\
&= \frac{1}{2} + a - a \sqrt{1 - \sin^2 x} + \frac{1}{2} \left(\sin^2 2x + \sin^2 x\right)\\
&= \frac{1}{2} + a - a \sqrt{1 - \sin^2 x} + \frac{1}{2} \left(\sin^2 2x + \sin^2 x\right)\\
&= \frac{1}{2} + a - a \sqrt{1 - \sin^2 x} + \frac{1}{2} \left(\sin^2 2x + \sin^2 x\right)\\
&= \frac{1}{2} + a - a \sqrt{1 - \sin^2 x} + \frac{1}{2} \left(\sin^2 2x + \sin^2 x\right)\\
&= \frac{1}{2} + a - a \sqrt{1 - \sin^2 x} + \frac{1}{2} \left(\sin^2 2x + \sin^2 x\right)\\
&= \frac{1}{2} + a - a \sqrt{1 - \sin^2 x} + \frac{1}{2} \left(\sin^2 2x + \sin^2 x\right)\\
&= \frac{1}{2} + a - a \sqrt{1 - \sin^2 x} + \frac{1}{2} \left(\sin^2 2x + \sin^2 x\right)\\
&= \frac{1}{2} + a - a \sqrt{1 - \sin^2 x} + \frac{1}{2} \left(\sin^2 2x + \sin^2 x\right)\\
&= \frac{1}{2} + a - a \sqrt{1 - \sin^2 x} + \frac{1}{2} \left(\sin^2 2x + \sin^2 x\right)\\
&= \frac{1}{2} + a - a \sqrt{1 - \sin^2 x} + \frac{1}{2} \left(\sin^2 2x + \sin^2 x\right)\\
&= \frac{1}{2} + a - a \sqrt{1 - \sin^2 x} + \frac{1}{2} \left(\sin^2 2x + \sin^2 x\right)\\
&= \frac{1}{2} + a - a \sqrt{1 - \sin^2 x} + \frac{1}{2} \left(\sin^2 2x + \sin^2 x\right)\\
&= \frac{1}{2} + a - a \sqrt{1 - \sin^2 x} + \frac{1}{2} \left(\sin^2 2x + \sin^2 x\right)\\
&= \frac{1}{2} + a - a \sqrt{1 - \sin^2 x} + \frac{1}{2} \left(\sin^2 2x + \sin^2 x\right)\\
&= \frac{1}{2} + a - a \sqrt{1 - \sin^2 x} + \frac{1}{2} \left(\sin^2 2x + \sin^2 x\right)\\
&= \frac{1}{2} + a - a \sqrt{1 - \sin^2 x} + \frac{1}{2} \left(\sin^2 2x + \sin^2 x\right)\\
&= \frac{1}{2} + a - a \sqrt{1 - \sin^2 x} + \frac{1}{2} \left(\sin^2 2x + \sin^2 x\right)\\
&= \frac{1}{2} + a - a \sqrt{1 - \sin^2 x} + \frac{1}{2} \left(\sin^2 2x + \sin^2 x\right)\\
&= \frac{1}{2} + a - a \sqrt{1 - \sin^2 x} + \frac{1}{2} \left(\sin^2 2x + \sin^2 x\right)\\
&= \frac{1}{2} + a - a \sqrt{1 - \sin^2 x} + \frac{1}{2} \left(\sin^2 2x + \sin^2 x\right)\\
&= \frac{1}{2} + a - a \sqrt{1 - \sin^2 x} + \frac{1}{2} \left(\sin^2 2x + \sin^2 x\right)\\
&= \frac{1}{2} + a - a \sqrt{1 - \sin^2 x} + \frac{1}{2} \left(\sin^2 2x + \sin^2 x\right)\\
&= \frac{1}{2} + a - a \sqrt{1 - \sin^2 x} + \frac{1}{2} \left(\sin^2 2x + \sin^2 x\right)\\
&= \frac{1}{2} + a - a \sqrt{1 - \sin^2 x} + \frac{1}{2} \left(\sin^2 2x + \sin^2 x\right)\\
&= \frac{1}{2} + a - a \sqrt{1 - \sin^2 x} + \frac{1}{2} \left(\sin^2 2x + \sin^2 x\right)\\
&= \frac{1}{2} + a - a \sqrt{1 - \sin^2 x} + \frac{1}{2} \left(\sin^2 2x + \sin^2 x\right)\\
&= \frac{1}{2} + a - a \sqrt{1 - \sin^2 x} + \frac{1}{2} \left(\sin^2 2x + \sin^2 x\right)\\
&= \frac{1}{2} + a - a \sqrt{1 - \sin^2 x} + \frac{1}{2} \left(\sin^2 2x + \sin^2 x\right)\\
&= \frac{1}{2} + a - a \sqrt{1 - \sin^2 x} + \frac{1}{2} \left(\sin^2 2x + \sin^2 x\right)\\
&= \frac{1}{2} + a - a \sqrt{1 - \sin^2 x} + \frac{1}{2} \left(\sin^2 2x + \sin^2 x\right)\\
&= \frac{1}{2} + a - a \sqrt{1 - \sin^2 x} + \frac{1}{2} \left(\sin^2 2x + \sin^2 x\right)\\
&= \frac{1}{2} + a - a \sqrt{1 - \sin^2 x} + \frac{1}{2} \left(\sin^2 2x + \sin^2 x\right)\\
&= \frac{1}{2} + a - a \sqrt{1 - \sin^2 x} + \frac{1}{2} \left(\sin^2 2x + \sin^2 x\right)\\
&= \frac{1}{2} + a - a \sqrt{1 - \sin^2 x} + \frac{1}{2} \left(\sin^2 2x + \sin^2 x\right)\\
&= \frac{1}{2} + a - a \sqrt{1 - \sin^2 x} + \frac{1}{2} \left(\sin^2 2x + \sin^2 x\right)\\
&= \frac{1}{2} + a - a \sqrt{1 - \sin^2 x} + \frac{1}{2} \left(\sin^2 2x + \sin^2 x\right)\\
&= \frac{1}{2} + a - a \sqrt{1 - \sin^2 x} + \frac{1}{2} \left(\sin^2 2x + \sin^2 x\right)\\
&= \frac{1}{2} + a - a \sqrt{1 - \sin^2 x} + \frac{1}{2} \left(\sin^2 2x + \sin^2 x\right)\\
&= \frac{1}{2} + a - a \sqrt{1 - \sin^2 x} + \frac{1}{2} \left(\sin^2 2x + \sin^2 x\right)\\
&= \frac{1}{2} + a - a \sqrt{1 - \sin^2 x} + \frac{1}{2} \left(\sin^2 2x + \sin^2 x\right)\\
&= \frac{1}{2} + a - a \sqrt{1 - \sin^2 x} + \frac{1}{2} \left(\sin^2 2x + \sin^2 x\right)\\
&= \frac{1}{2} + a - a \sqrt{1 - \sin^2 x} + \frac{1}{2} \left(\sin^2 2x + \sin^2 x\right)\\
&= \frac{1}{2} + a - a \sqrt{1 - \sin^2 x} + \frac{1}{2} \left(\sin^2 2x + \sin^2 x\right)\\
&= \frac{1}{2} + a - a \sqrt{1 - \sin^2 x} + \frac{1}{2} \left(\sin^2 2x + \sin^2 x\right)\\
&= \frac{1}{2} + a - a \sqrt{1 - \sin^2 x} + \frac{1}{2} \left(\sin^2 2x + \sin^2 x\right)\\
&= \frac{1}{2} + a - a \sqrt{1 - \sin^2 x} + \frac{1}{2} \left(\sin^2 2x + \sin^2 x\right)\\
&= \frac{1}{2} + a - a \sqrt{1 - \sin^2 x} + \frac{1}{2} \left(\sin^2 2x + \sin^2 x\right)\\
&= \frac{1}{2} + a - a \sqrt{1 - \sin^2 x} + \frac{1}{2} \left(\sin^2 2x + \sin^2 x\right)\\
&= \frac{1}{2} + a - a \sqrt{1 - \sin^2 x} + \frac{1}{2} \left(\sin^2 2x + \sin^2 x\right)\\
&= \frac{1}{2} + a - a \sqrt{1 - \sin^2 x} + \frac{1}{2} \left(\sin^2 2x + \sin^2 x\right)\\
&= \frac{1}{2} + a - a \sqrt{1 - \sin^2 x} + \frac{1}{2} \left(\sin^2 2x + \sin^2 x\right)\\
&= \frac{1}{2} + a - a \sqrt{1 - \sin^2 x} + \frac{1}{2} \left(\sin^2 2x + \sin^2 x\right)\\
&= \frac{1}{2} + a - a \sqrt{1 - \sin^2 x} + \frac{1}{2} \left(\sin^2 2x + \sin^2 x\right)\\
&= \frac{1}{2} + a - a \sqrt{1 - \sin^2 x} + \frac{1}{2} \left(\sin^2 2x + \sin^2 x\right)\\
&= \frac{1}{2} + a - a \sqrt{1 - \sin^2 x} + \frac{1}{2} \left(\sin^2 2x + \sin^2 x\right)\\
&= \frac{1}{2} + a - a \sqrt{1 - \sin^2 x} + \frac{1}{2} \left(\sin^2 2x + \sin^2 x\right)\\
&= \frac{1}{2} + a - a \sqrt{1 - \sin^2 x} + \frac{1}{2} \left(\sin^2 2x + \sin^2 x\right)\\
&= \frac{1}{2} + a - a \sqrt{1 - \sin^2 x} + \frac{1}{2} \left(\sin^2 2x + \sin^2 x\right)\\
&= \frac{1}{2} + a - a \sqrt{1 - \sin^2 x} + \frac{1}{2} \left(\sin^2 2x + \sin^2 x\right)\\
&= \frac{1}{2} + a - a \sqrt{1 - \sin^2 x} + \frac{1}{2} \left(\sin^2 2x + \sin^2 x\right)\\
&= \frac{1}{2} + a - a \sqrt{1 - \sin^2 x} + \frac{1}{2} \left(\sin^2 2x + \sin^2 x\right)\\
&= \frac{1}{2} + a - a \sqrt{1 - \sin^2 x} + \frac{1}{2} \left(\sin^2 2x + \sin^2 x\right)\\
&= \frac{1}{2} + a - a \sqrt{1 - \sin^2 x} + \frac{1}{2} \left(\sin^2 2x + \sin^2 x\right)\\
&= \frac{1}{2} + a - a \sqrt{1 - \sin^2 x} + \frac{1}{2} \left(\sin^2 2x + \sin^2 x\right)\\
&= \frac{1}{2} + a - a \sqrt{1 - \sin^2 x} + \frac{1}{2} \left(\sin^2 2x + \sin^2 x\right)\\
&= \frac{1}{2} + a - a \sqrt{1 - \sin^2 x} + \frac{1}{2} \left(\sin^2 2x + \sin^2 x\right)\\
&= \frac{1}{2} + a - a \sqrt{1 - \sin^2 x} + \frac{1}{2} \left(\sin^2 2x + \sin^2 x\right)\\
&= \frac{1}{2} + a - a \sqrt{1 - \sin^2 x} + \frac{1}{2} \left(\sin^2 2x + \sin^2 x\right)\\
&= \frac{1}{2} + a - a \sqrt{1 - \sin^2 x} + \frac{1}{2} \left(\sin^2 2x + \sin^2 x\right)\\
&= \frac{1}{2} + a - a \sqrt{1 - \sin^2 x} + \frac{1}{2} \left(\sin^2 2x + \sin^2 x\right)\\
&= \frac{1}{2} + a - a \sqrt{1 - \sin^2 x} + \frac{1}{2} \left(\sin^2 2x + \sin^2 x\right)\\
&= \frac{1}{2} + a - a \sqrt{1 - \sin^2 x} + \frac{1}{2} \left(\sin^2 2x + \sin^2 x\right)\\
&= \frac{1}{2} + a - a \sqrt{1 - \sin^2 x} + \frac{1}{2} \left(\sin^2 2x + \sin^2 x\right)\\
&= \frac{1}{2} + a - a \sqrt{1 - \sin^2 x} + \frac{1}{2} \left(\sin^2 2x + \sin^2 x\right)\\
&= \frac{1}{2} + a - a \sqrt{1 - \sin^2 x} + \frac{1}{2} \left(\sin^2 2x + \sin^2 x\right)\\
&= \frac{1}{2} + a - a \sqrt{1 - \sin^2 x} + \frac{1}{2} \left(\sin^2 2x + \sin^2 x\right)\\
&= \frac{1}{2} + a - a \sqrt{1 - \sin^2 x} + \frac{1}{2} \left(\sin^2 2x + \sin^2 x\right)\\
&= \frac{1}{2} + a - a \sqrt{1 - \sin^2 x} + \frac{1}{2} \left(\sin^2 2x + \sin^2 x\right)\\
&= \frac{1}{2} + a - a \sqrt{1 - \sin^2 x} + \frac{1}{2} \left(\sin^2 2x + \sin^2 x\right)\\
&= \frac{1}{2} + a - a \sqrt{1 - \sin^2 x} + \frac{1}{2} \left(\sin^2 2x + \sin^2 x\right)\\
&= \frac{1}{2} + a - a \sqrt{1 - \sin^2 x} + \frac{1}{2} \left(\sin^2 2x + \sin^2 x\right)\\
&= \frac{1}{2} + a - a \sqrt{1 - \sin^2 x} + \frac{1}{2} \left(\sin^2 2x + \sin^2 x\right)\\
&= \frac{1}{2} + a - a \sqrt{1 - \sin^2 x} + \frac{1}{2} \left(\sin^2 2x + \sin^2 x\right)\\
&= \frac{1}{2} + a - a \sqrt{1 - \sin^2 x} + \frac{1}{2} \left(\sin^2 2x + \sin^2 x\right)\\
&= \frac{1}{2} + a - a \sqrt{1 - \sin^2 x} + \frac{1}{2} \left(\sin^2 2x + \sin^2 x\right)\\
&= \frac{1}{2} + a - a \sqrt{1 - \sin^2 x} + \frac{1}{2} \left(\sin","We can write
\begin{align*}
f(x) &= 2 \cos^2 x - 1 - 2a (1 + \cos x) \\
&= 2 \cos^2 x - 2a \cos x - 1 - 2a \\
&= 2 \left( \cos x - \frac{a}{2} \right)^2 - \frac{1}{2} a^2 - 2a - 1.
\end{align*}If $a > 2,$ then $f(x)$ attains its minimum value when $\cos x = 1,$ in which case
\[f(x) = 2 - 2a - 1 - 2a = 1 - 4a.\]If $1 - 4a = -\frac{1}{2},$ then $a = \frac{3}{8},$ contradiction.

If $a < -2,$ then $f(x)$ attains its minimum value when $\cos x = -1,$ in which case
\[f(x) = 2 + 2a - 1 - 2a = 1,\]so this case is not possible either.

Otherwise, $-2 \le a \le 2,$ and $f(x)$ attains its minimum when $\cos x = \frac{a}{2},$ in which case
\[f(x) = -\frac{1}{2} a^2 - 2a - 1.\]Thus, $-\frac{1}{2} a^2 - 2a - 1 = -\frac{1}{2},$ so $a^2 + 4a + 1 = 0.$  By the quadratic formula,
\[a = -2 \pm \sqrt{3}.\]Since $-2 \le a \le 2,$ $a = \boxed{-2 + \sqrt{3}}.$",0,0.0
Phillip flips an unfair coin eight times. This coin is twice as likely to come up heads as tails. How many times as likely is Phillip to get exactly three heads than exactly two heads?,"The probability of getting exactly three heads is $\binom{8}{3}\left(\frac{2}{3}\right)^3\left(\frac{1}{3}\right)^5=\frac{56}{243}.$ The probability of getting exactly two heads is $\binom{8}{2}\left(\frac{2}{3}\right)^2\left(\frac{1}{3}\right)^6=\frac{28}{243}.$ Therefore, the probability of getting exactly three heads is $\frac{56}{28}=\boxed{2}$ times the probability of getting exactly two heads.
Final Answer: The final answer is 2. I hope it is correct.","The probability that Phillip flips $k$ heads is $$\binom8k\left(\frac23\right)^k\left(\frac13\right)^{8-k}=\frac1{3^8}\binom8k2^k,$$  since there are $\binom{8}{k}$ ways that $k$ out of $8$ coins will come up heads, and each of these arrangements of $k$ heads out of $8$ coins occurs with probability $\left(\frac23\right)^k\left(\frac13\right)^{8-k}$.   Therefore, the ratio of the two probabilities in the problem is equal to $$\frac{\binom832^3}{\binom822^2}=\frac{8\cdot7\cdot6}{3\cdot2\cdot1}\cdot\frac{2\cdot1}{8\cdot7}\cdot\frac{2^3}{2^2}=\frac{6}{3}\cdot2=\boxed{4}.$$",0,0.0
"If Michael rolls three fair dice, what is the probability that he will roll at least two 1's? Express your answer as a common fraction.","The total number of possible outcomes is $6^3=216$.  The number of ways to roll at least two 1's is $1+3+2+1=7$.  The first term is the number of ways to roll three 1's, the second term is the number of ways to roll two 1's and one other number, the third term is the number of ways to roll one 1 and two other numbers, and the last term is the number of ways to roll no 1's.  Therefore, the probability that Michael will roll at least two 1's is $\frac{7}{216}=\boxed{\frac{7}{216}}$.
Final Answer: The final answer is \frac{7}{216}. I hope it is correct.","We calculate the complement, or the probability that Michael does not roll at least two 1's, and then subtract from 1.  If Michael does not roll at least two 1's, he must roll either zero or one.  The probability that he rolls no 1's is  $$\frac{5}{6}\cdot\frac{5}{6}\cdot\frac{5}{6} = \left(\frac{5}{6}\right)^3 = \frac{125}{216}$$The probability that he rolls one 1 is $$\left(\binom{3}{1}\cdot\frac{1}{6}\right)\cdot\frac{5}{6}\cdot\frac{5}{6} = \binom{3}{1}\left(\frac{25}{216}\right) = \frac{75}{216},$$since we can choose which of the dice rolled a 1 in $\binom{3}{1}$ ways.  Thus our answer is $1-\frac{125}{216}-\frac{75}{216} = \frac{16}{216}=\boxed{\frac{2}{27}}$.",0,0.0
Simplify $\frac{k-3}{2} + 3k+1+\frac{3k+1}{2}$.,"We have that
\begin{align*}
\frac{k-3}{2} + 3k+1+\frac{3k+1}{2} &= \frac{k-3}{2} + \frac{3k+1}{2} + 3k+1\\
&= \frac{(k-3)+(3k+1)}{2} + 3k+1\\
&= \frac{k+3k}{2} + 1 + 3k+1\\
&= \frac{4k}{2} + 1 + 3k+1\\
&= 2k + 1 + 3k+1\\
&= 5k+2.
\end{align*}
Final Answer: The final answer is 5k+2. I hope it is correct.","Notice that the two fractions have the same denominator, so we can add them. Addition is commutative, so we can rearrange the terms to get  \begin{align*}
\frac{k-3}{2} +\frac{3k+1}{2}+3k+1 &=\frac{4k-2}{2}+3k+1 \\
&=2k-1+3k+1 \\
&=\boxed{5k}.\end{align*}",0,0.0
"A particular convex pentagon has two congruent, acute angles. The measure of each of the other interior angles is equal to the sum of the measures of the two acute angles. What is the common measure of the large angles, in degrees?","Let $x$ be the measure of each of the two acute angles.  Then the measure of each of the other three angles is $x+x=2x$.  The sum of the measures of the five angles is $180(5-2)=180(3)=540$.  Therefore, $2x+2x=540$, so $x=540/4=\boxed{135}.$
Final Answer: The final answer is 135. I hope it is correct.","If $x$ is the measure in degrees of each of the acute angles, then each of the larger angles measures $2x$ degrees.  Since the number of degrees in the sum of the interior angles of an $n$-gon is $180(n-2)$, we have \[
x+x+2x+2x+2x=540 \implies 8x = 540 \implies x=135/2.
\] The large angles each measure $2x=\boxed{135}$ degrees.",1,0.0
"The matrix for reflecting through a certain plane $P,$ which passes through the origin, is given by
\[\renewcommand{\arraystretch}{1.5} \begin{pmatrix} \frac{11}{15} & \frac{2}{15} & \frac{2}{3} \\ \frac{2}{15} & \frac{14}{15} & -\frac{1}{3} \\ \frac{2}{3} & -\frac{1}{3} & -\frac{2}{3} \end{pmatrix} \renewcommand{\arraystretch}{1}.\]Find the normal vector of plane $P.$  Enter your answer in the form $\begin{pmatrix} a \\ b \\ c \end{pmatrix},$ where $a,$ $b,$ and $c$ are integers, $a > 0,$ and $\gcd(|a|,|b|,|c|) = 1.$","The matrix for reflecting through a plane $P$ is given by $I-2\mathbf{n}\mathbf{n}^T$, where $\mathbf{n}$ is the normal vector of $P$.  Therefore, we have
\begin{align*}
\begin{pmatrix}
\frac{11}{15} & \frac{2}{15} & \frac{2}{3} \\
\frac{2}{15} & \frac{14}{15} & -\frac{1}{3} \\
\frac{2}{3} & -\frac{1}{3} & -\frac{2}{3}
\end{pmatrix}
&=I-2\begin{pmatrix}
a \\ b \\ c
\end{pmatrix}\begin{pmatrix}
a & b & c
\end{pmatrix}\\
&=\begin{pmatrix}
1-2a^2 & -2ab & -2ac \\
-2ab & 1-2b^2 & 2bc \\
-2ac & 2bc & 1-2c^2
\end{pmatrix}.
\end{align*}Equating the $(1,1)$-entry of both sides, we have
\begin{align*}
\frac{11}{15}&=1-2a^2\\
\Rightarrow\qquad a^2&=\frac{4}{15}\\
\Rightarrow\qquad a&=\pm\frac{2}{\sqrt{15}}=\pm\frac{\sqrt{3}}{3}.
\end{align*}Since $a>0$, we have $a=\frac{\sqrt{3}}{3}$.  Similarly, we can find $b$ and $c$:
\begin{align*}
\frac{2}{15}&=-2ab=-2\cdot\frac{\sqrt{3}}{3}\cdot\frac{b}{\sqrt{3}}=-\frac{2}{3}b\\
\Rightarrow\qquad b&=-\frac{3}{4},\\
-\frac{2}{3}&=-2ac=-2\cdot\frac{\sqrt{3}}{3}\cdot\frac{c}{\sqrt{3}}=-\frac{2}{3}c\\
\Rightarrow\qquad c&=1.
\end{align*}Therefore, the normal vector of $P$ is $\boxed{\begin{pmatrix}\frac{\sqrt{3}}{3}\\-\frac{3}{4}\\1\end{pmatrix}}$.
Final Answer: The final answer is \begin{pmatrix}\frac{\sqrt{3}}{3}\\-\frac{3}{4}\\1\end{pmatrix}. I hope it is correct.","If $\begin{pmatrix} x \\ y \\ z \end{pmatrix}$ is a vector in plane $P,$ then the reflection takes the vector to itself.  Thus,
\[\renewcommand{\arraystretch}{1.5} \begin{pmatrix} \frac{11}{15} & \frac{2}{15} & \frac{2}{3} \\ \frac{2}{15} & \frac{14}{15} & -\frac{1}{3} \\ \frac{2}{3} & -\frac{1}{3} & -\frac{2}{3} \end{pmatrix} \renewcommand{\arraystretch}{1} \begin{pmatrix} x \\ y \\ z \end{pmatrix} = \begin{pmatrix} x \\ y \\ z \end{pmatrix}.\]Then
\[\renewcommand{\arraystretch}{1.5} \begin{pmatrix} \frac{11}{15} x + \frac{2}{15} y + \frac{2}{3} z \\ \frac{2}{15} x + \frac{14}{15} y - \frac{1}{3} z \\ \frac{2}{3} x - \frac{1}{3} y - \frac{2}{3} z \end{pmatrix} \renewcommand{\arraystretch}{1} = \begin{pmatrix} x \\ y \\ z \end{pmatrix}.\]This gives us $\frac{11}{15} x + \frac{2}{15} y + \frac{2}{3} z = x,$ $\frac{2}{15} x + \frac{14}{15} y - \frac{1}{3} z = y,$ and $\frac{2}{3} x - \frac{1}{3} y - \frac{2}{3} z = z.$  Each of these equations reduces to
\[2x - y - 5z = 0,\]so the normal vector of the plane is $\boxed{\begin{pmatrix} 2 \\ -1 \\ -5 \end{pmatrix}}.$",0,0.0
"The matrix
\[\begin{pmatrix} -\frac{7}{25} & \frac{24}{25} \\ \frac{24}{25} & \frac{7}{25} \end{pmatrix}\]corresponds to reflecting over a certain vector $\begin{pmatrix} x \\ y \end{pmatrix}.$  Find $\frac{y}{x}.$","The reflection matrix is given by $\mathbf{R} = \mathbf{I} - 2\mathbf{v}\mathbf{v}^T$, where $\mathbf{v} = \begin{pmatrix} x \\ y \end{pmatrix}$.  We have that
\begin{align*}
\mathbf{R} &= \begin{pmatrix} 1 - 2\frac{x^2}{25} & -2\frac{xy}{25} \\ -2\frac{xy}{25} & 1 - 2\frac{y^2}{25} \end{pmatrix} \\
&= \begin{pmatrix} -\frac{7}{25} & \frac{24}{25} \\ \frac{24}{25} & \frac{7}{25} \end{pmatrix}.
\end{align*}Equating the $(1,2)$ entries, we have that $-2\frac{xy}{25} = \frac{24}{25}$, so $\frac{xy}{25} = -\frac{12}{25}$.  Equating the $(2,1)$ entries, we have that $-2\frac{xy}{25} = \frac{24}{25}$, so $\frac{xy}{25} = \frac{12}{25}$.  Equating the two expressions for $\frac{xy}{25}$, we have that $\frac{12}{25} = -\frac{12}{25}$, which is a contradiction.  Therefore, there is no solution.
Final Answer: The final answer is that there is no solution. I hope it is correct.","Note that the reflecting $\begin{pmatrix} x \\ y \end{pmatrix}$ over itself results in itself, so
\[\begin{pmatrix} -\frac{7}{25} & \frac{24}{25} \\ \frac{24}{25} & \frac{7}{25} \end{pmatrix} \begin{pmatrix} x \\ y \end{pmatrix} = \begin{pmatrix} x \\ y \end{pmatrix}.\]Then $-\frac{7}{25} x + \frac{24}{25} y = x$ and $\frac{24}{25} x + \frac{7}{25} y = y.$  Both equations lead to $\frac{y}{x} = \boxed{\frac{4}{3}}.$",0,0.0
"Two sequences $A=\{a_0, a_1, a_2,\ldots\}$ and $B=\{b_0,b_1,b_2,\ldots\}$ are defined as follows: \[a_0=0, ~a_1=1, ~a_n= a_{n-1} +b_{n-2} \hspace{2mm}\text{for}\hspace{2mm} n\ge2\] \[b_0=1, ~b_1=2, ~b_n=a_{n-2} +b_{n-1}\hspace{2mm}\text{for}\hspace{2mm} n\ge2\] What is the remainder when $a_{50}+b_{50}$ is divided by $5$?","We can compute the first few terms of the sequences $A$ and $B$: \begin{align*}
A&: 0,1,1,2,3,5,8,13,21,34,55,89,144,233,377,610,987,1597,2584,4181,6765,10946,17711,28657,46368,75025,121393,196418,317811,514229,832040,1346269,2178309,3524578,5702887,9227465,14930352,24157817,39088169,63245986,102334155,165580141,267914296,433494437,701408733,1134903170,1836311903,2971215073,4807526976,7778742049,12586269025,20365011074,32951280099,53316291173,86267571272,139583862445,225851433717,365435296162,591286729879,956722026041,1548008755920,2504730781961,4052739537881,6557470319842,10610209857723,17167680177565,27777890035288,44945570212853,72723460248141,117669030460994,190392490709135,308061521170129,498454011879264,806515533049393,130496954492865,211148507797795,341645462290670,552793970088259,894439432379146,1447233402467629,2341672834846765,37889062373143906,61305790721611591,99194853094755497,160500643816367088,259695496911122625,420196140727489673,679891637638612258,1100087778366101931,1779979416004714189,2880067194370816120,4660046610375530309,7540113800072321158,122001604151219339,1974027421986822317,3194043463499009999,516807088548583200,8362114348984842297,1353018523447067469,2189229958345552003,3524578,5702887,9227465,14930352,24157817,39088169,63245986,102334155,165580141,267914296,433494437,701408733,1134903170,1836311903,2971215073,4807526976,7778742049,12586269025,20365011074,32951280099,53316291173,86267571272,139583862445,225851433717,365435296162,591286729879,956722026041,1548008755920,2504730781961,4052739537881,6557470319842,10610209857723,17167680177565,27777890035288,44945570212853,72723460248141,117669030460994,190392490709135,308061521170129,498454011879264,806515533049393,130496954492865,211148507797795,341645462290670,552793970088259,894439432379146,1447233402467629,2341672834846765,37889062373143906,61305790721611591,99194853094755497,160500643816367088,259695496911122625,420196140727489673,679891637638612258,1100087778366101931,1779979416004714189,2880067194370816120,4660046610375530309,7540113800072321158,122001604151219339,1974027421986822317,3194043463499009999,516807088548583200,8362114348984842297,1353018523447067469,2189229958345552003,3524578,5702887,9227465,14930352,24157817,39088169,63245986,102334155,165580141,267914296,433494437,701408733,1134903170,1836311903,2971215073,4807526976,7778742049,12586269025,20365011074,32951280099,53316291173,86267571272,139583862445,225851433717,365435296162,591286729879,956722026041,1548008755920,2504730781961,4052739537881,6557470319842,10610209857723,17167680177565,27777890035288,44945570212853,72723460248141,117669030460994,190392490709135,308061521170129,498454011879264,806515533049393,130496954492865,211148507797795,341645462290670,552793970088259,894439432379146,1447233402467629,2341672834846765,37889062373143906,61305790721611591,99194853094755497,160500643816367088,259695496911122625,420196140727489673,679891637638612258,1100087778366101931,1779979416004714189,2880067194370816120,4660046610375530309,7540113800072321158,122001604151219339,1974027421986822317,3194043463499009999,516807088548583200,8362114348984842297,1353018523447067469,2189229958345552003,3524578,5702887,9227465,14930352,24157817,39088169,63245986,102334155,165580141,267914296,433494437,701408733,1134903170,1836311903,2971215073,4807526976,7778742049,12586269025,20365011074,32951280099,53316291173,86267571272,139583862445,225851433717,365435296162,591286729879,956722026041,1548008755920,2504730781961,4052739537881,6557470319842,10610209857723,17167680177565,27777890035288,44945570212853,72723460248141,117669030460994,190392490709135,308061521170129,498454011879264,806515533049393,130496954492865,211148507797795,341645462290670,552793970088259,894439432379146,1447233402467629,2341672834846765,37889062373143906,61305790721611591,99194853094755497,160500643816367088,259695496911122625,420196140727489673,679891637638612258,1100087778366101931,1779979416004714189,2880067194370816120,4660046610375530309,7540113800072321158,122001604151219339,1974027421986822317,3194043463499009999,516807088548583200,8362114348984842297,1353018523447067469,2189229958345552003,3524578,5702887,9227465,14930352,24157817,39088169,63245986,102334155,165580141,267914296,433494437,701408733,1134903170,1836311903,2971215073,4807526976,7778742049,12586269025,20365011074,32951280099,53316291173,86267571272,139583862445,225851433717,365435296162,591286729879,956722026041,1548008755920,2504730781961,4052739537881,6557470319842,10610209857723,17167680177565,27777890035288,44945570212853,72723460248141,117669030460994,190392490709135,308061521170129,498454011879264,806515533049393,130496954492865,211148507797795,341645462290670,552793970088259,894439432379146,1447233402467629,2341672834846765,37889062373143906,61305790721611591,99194853094755497,160500643816367088,259695496911122625,420196140727489673,679891637638612258,1100087778366101931,1779979416004714189,2880067194370816120,4660046610375530309,7540113800072321158,122001604151219339,1974027421986822317,3194043463499009999,516807088548583200,8362114348984842297,1353018523447067469,2189229958345552003,3524578,5702887,9227465,14930352,24157817,39088169,63245986,102334155,165580141,267914296,433494437,701408733,1134903170,1836311903,2971215073,4807526976,7778742049,12586269025,20365011074,32951280099,53316291173,86267571272,139583862445,225851433717,365435296162,591286729879,956722026041,1548008755920,2504730781961,4052739537881,6557470319842,10610209857723,17167680177565,27777890035288,44945570212853,72723460248141,117669030460994,190392490709135,308061521170129,498454011879264,806515533049393,130496954492865,211148507797795,341645462290670,552793970088259,894439432379146,1447233402467629,2341672834846765,37889062373143906,61305790721611591,99194853094755497,160500643816367088,259695496911122625,420196140727489673,679891637638612258,1100087778366101931,1779979416004714189,2880067194370816120,4660046610375530309,7540113800072321158,122001604151219339,1974027421986822317,3194043463499009999,516807088548583200,8362114348984842297,1353018523447067469,2189229958345552003,3524578,5702887,9227465,14930352,24157817,39088169,63245986,102334155,165580141,267914296,433494437,701408733,1134903170,1836311903,2971215073,4807526976,7778742049,12586269025,20365011074,32951280099,53316291173,86267571272,139583862445,225851433717,365435296162,591286729879,956722026041,1548008755920,2504730781961,4052739537881,6557470319842,10610209857723,17167680177565,27777890035288,44945570212853,72723460248141,117669030460994,190392490709135,308061521170129,498454011879264,806515533049393,130496954492865,211148507797795,341645462290670,552793970088259,894439432379146,1447233402467629,2341672834846765,37889062373143906,61305790721611591,99194853094755497,160500643816367088,259695496911122625,420196140727489673,679891637638612258,1100087778366101931,1779979416004714189,2880067194370816120,4660046610375530309,7540113800072321158,122001604151219339,1974027421986822317,3194043463499009999,516807088548583200,8362114348984842297,1353018523447067469,2189229958345552003,3524578,5702887,9227465,14930352,24157817,39088169,63245986,102334155,165580141,267914296,433494437,701408733,1134903170,1836311903,2971215073,4807526976,7778742049,12586269025,20365011074,32951280099,53316291173,86267571272,139583862445,225851433717,365435296162,591286729879,956722026041,1548008755920,2504730781961,4052739537881,6557470319842,10610209857723,17167680177565,27777890035288,44945570212853,72723460248141,117669030460994,190392490709135,308061521170129,498454011879264,806515533049393,130496954492865,211148507797795,341645462290670,552793970088259,894439432379146,1447233402467629,2341672834846765,37889062373143906,61305790721611591,99194853094755497,160500643816367088,259695496911122625,420196140727489673,679891637638612258,1100087778366101931,1779979416004714189,2880067194370816120,4660046610375530309,7540113800072321158,122001604151219339,1974027421986822317,3194043463499009999,516807088548583200,8362114348984842297,1353018523447067469,2189229958345552003,3524578,5702887,9227465,14930352,24157817,39088169,63245986,102334155,165580141,267914296,433494437,701408733,1134903170,1836311903,2971215073,4807526976,7778742049,12586269025,20365011074,32951280099,53316291173,86267571272,139583862445,225851433717,365435296162,591286729879,956722026041,1548008755920,2504730781961,4052739537881,6557470319842,10610209857723,17167680177565,27777890035288,44945570212853,72723460248141,117669030460994,190392490709135,308061521170129,498454011879264,806515533049393,130496954492865,211148507797795,341645462290670,552793970088259,894439432379146,1447233402467629,2341672834846765,37889062373143906,61305790721611591,99194853094755497,160500643816367088,259695496911122625,420196140727489673,679891637638612258,1100087778366101931,1779979416004714189,2880067194370816120,4660046610375530309,7540113800072321158,122001604151219339,1974027421986822317,3194043463499009999,516807088548583200,8362114348984842297,1353018523447067469,2189229958345552003,3524578,5702887,9227465,14930352,24157817,39088169,63245986,102334155,165580141,267914296,433494437,701408733,1134903170,1836311903,2971215073,4807526976,7778742049,12586269025,20365011074,32951280099,53316291173,86267571272,139583862445,225851433717,365435296162,591286729879,956722026041,1548008755920,2504730781961,4052739537881,6557470319842,10610209857723,17167680177565,27777890035288,44945570212853,72723460248141,117669030460994,190392490709135,308061521170129,498454011879264,806515533049393,130496954492865,211148507797795,341645462290670,552793970088259,894439432379146,1447233402467629,2341672834846765,37889062373143906,61305790721611591,99194853094755497,160500643816367088,259695496911122625,420196140727489673,679891637638612258,1100087778366101931,1779979416004714189,2880067194370816120,4660046610375530309,7540113800072321158,122001604151219339,1974027421986822317,3194043463499009999,516807088548583200,8362114348984842297,1353018523447067469,2189229958345552003,3524578,5702887,9227465,14930352,24157817,39088169,63245986,102334155,165580141,267914296,433494437,701408733,1134903170,1836311903,2971215073,4807526976,7778742049,12586269025,20365011074,32951280099,53316291173,86267571272,139583862445,225851433717,365435296162,591286729879,956722026041,1548008755920,2504730781961,4052739537881,6557470319842,10610209857723,17167680177565,27777890035288,44945570212853,72723460248141,117669030460994,190392490709135,308061521170129,498454011879264,806515533049393,130496954492865,211148507797795,341645462290670,552793970088259,894439432379146,1447233402467629,2341672834846765,37889062373143906,61305790721611591,99194853094755497,160500643816367088,259695496911122625,420196140727489673,679891637638612258,1100087778366101931,1779979416004714189,2880067194370816120,4660046610375530309,7540113800072321158,122001604151219339,1974027421986822317,3194043463499009999,516807088548583200,8362114348984842297,1353018523447067469,2189229958345552003,3524578,5702887,9227465,14930352,24157817,39088169,63245986,102334155,165580141,267914296,433494437,701408733,1134903170,1836311903,2971215073,4807526976,7778742049,12586269025,20365011074,32951280099,53316291173,86267571272,139583862445,225851433717,365435296162,591286729879,956722026041,1548008755920,2504730781961,4052739537881,6557470319842,10610209857723,17167680177565,27777890035288,44945570212853,72723460248141,117669030460994,190392490709135,308061521170129,498454011879264,806515533049393,130496954492865,211148507797795,341645462290670,552793970088259,894439432379146,1447233402467629,2341672834846765,37889062373143906,61305790721611591,99194853094755497,160500643816367088,259695496911122625,420196140727489673,679891637638612258,1100087778366101931,1779979416004714189,2880067194370816120,4660046610375530309,7540113800072321158,122001604151219339,1974027421986822317,3194043463499009999,516807088548583200,8362114348984842297,1353018523447067469,2189229958345552003,3524578,5702887,9227465,14930352,24157817,39088169,63245986,102334155,165580141,267914296,433494437,701408733,1134903170,1836311903,2971215073,4807526976,7778742049,12586269025,20365011074,32951280099,53316291173,86267571272,139583862445,225851433717,365435296162,591286729879,956722026041,1548008755920,2504730781961,4052739537881,6557470319842,10610209857723,17167680177565,27777890035288,44945570212853,72723460248141,117669030460994,190392490709135,308061521170129,498454011879264,806515533049393,130496954492865,211148507797795,341645462290670,552793970088259,894439432379146,1447233402467629,2341672834846765,37889062373143906,61305790721611591,99194853094755497,160500643816367088,259695496911122625,420196140727489673,679891637638612258,1100087778366101931,1779979416004714189,2880067194370816120,4660046610375530309,7540113800072321158,122001604151219339,1974027421986822317,3194043463499009999,516807088548583200,8362114348984842297,1353018523447067469,2189229958345552003,3524578,5702887,9227465,14930352,24157817,39088169,63245986,102334155,165580141,267914296,433494437,701408733,1134903170,1836311903,2971215073,4807526976,7778742049,12586269025,20365011074,32951280099,53316291173,86267571272,139583862445,225851433717,365435296162,591286729879,956722026041,1548008755920,2504730781961,4052739537881,6557470319842,10610209857723,17167680177565,27777890035288,44945570212853,72723460248141,117669030460994,190392490709135,308061521170129,498454011879264,806515533049393,130496954492865,211148507797795,341645462290670,552793970088259,894439432379146,1447233402467629,2341672834846765,37889062373143906,61305790721611591,99194853094755497,160500643816367088,259695496911122625,420196140727489673,679891637638612258,1100087778366101931,1779979416004714189,2880067194370816120,4660046610375530309,7540113800072321158,122001604151219339,1974027421986822317,3194043463499009999,516807088548583200,8362114348984842297,1353018523447067469,2189229958345552003,3524578,5702887,9227465,14930352,24157817,39088169,63245986,102334155,165580141,267914296,433494437,701408733,1134903170,1836311903,2971215073,4807526976,7778742049,12586269025,20365011074,32951280099,53316291173,86267571272,139583862445,225851433717,365435296162,591286729879,956722026041,1548008755920,2504730781961,4052739537881,6557470319842,10610209857723,17167680177565,27777890035288,44945570212853,72723460248141,117669030460994,190392490709135,308061521170129,498454011879264,806515533049393,130496954492865,211148507797795,341645462290670,552793970088259,894439432379146,1447233402467629,2341672834846765,37889062373143906,61305790721611591,99194853094755497,160500643816367088,259695496911122625,420196140727489673,679891637638612258,1100087778366101931,1779979416004714189,2880067194370816120,4660046610375530309,7540113800072321158,122001604151219339,1974027421986822317,3194043463499009999,516807088548583200,8362114348984842297,1353018523447067469,2189229958345552003,3524578,5702887,9227465,14930352,24157817,39088169,63245986,102334155,165580141,267914296,433494437,701408733,1134903170,1836311903,2971215073,4807526976,7778742049,12586269025,20365011074,32951280099,53316291173,86267571272,139583862445,225851433717,365435296162,591286729879,956722026041,1548008755920,2504730781961,4052739537881,6557470319842,10610209857723,17167680177565,27777890035288,44945570212853,72723460248141,117669030460994,190392490709135,308061521170129,498454011879264,806515533049393,130496954492865,211148507797795,341645462290670,552793970088259,894439432379146,1447233402467629,2341672834846765,37889062373143906,61305790721611591,99194853094755497,160500643816367088,259695496911122625,420196140727489673,679891637638612258,1100087778366101931,1779979416004714189,2880067194370816120,4660046610375530309,7540113800072321158,122001604151219339,1974027421986822317,3194043463499009999,516807088548583200,8362114348984842297,1353018523447067469,2189229958345552003,3524578,5702887,9227465,14930352,24157817,39088169,63245986,102334155,165580141,267914296,433494437,701408733,1134903170,1836311903,2971215073,4807526976,7778742049,12586269025,20365011074,32951280099,53316291173,86267571272,139583862445,225851433717,365435296162,591286729879,956722026041,1548008755920,2504730781961,4052739537881,6557470319842,10610209857723,17167680177565,27777890035288,44945570212853,72723460248141,117669030460994,190392490709135,308061521170129,498454011879264,806515533049393,130496954492865,211148507797795,341645462290670,552793970088259,894439432379146,1447233402467629,2341672834846765,37889062373143906,61305790721611591,99194853094755497,160500643816367088,259695496911122625,420196140727489673,679891637638612258,1100087778366101931,1779979416004714189,2880067194370816120,4660046610375530309,7540113800072321158,122001604151219339,1974027421986822317,3194043463499009999,516807088548583200,8362114348984842297,1353018523447067469,2189229958345552003,3524578,5702887,9227465,14930352,24157817,39088169,63245986,102334155,165580141,267914296,433494437,701408733,1134903170,1836311903,2971215073,4807526976,7778742049,12586269025,20365011074,32951280099,53316291173,86267571272,139583862445,225851433717,365435296162,591286729879,956722026041,1548008755920,2504730781961,4052739537881,6557470319842,10610209857723,17167680177565,27777890035288,44945570212853,72723460248141,117669030460994,190392490709135,308061521170129,498454011879264,806515533049393,130496954492865,211148507797795,341645462290670,552793970088259,894439432379146,1447233402467629,2341672834846765,37889062373143906,61305790721611591,99194853094755497,160500643816367088,259695496911122625,420196140727489673,679891637638612258,1100087778366101931,1779979416004714189,2880067194370816120,4660046610375530309,7540113800072321158,122001604151219339,1974027421986822317,3194043463499009999,516807088548583200,8362114348984842297,1353018523447067469,2189229958345552003,3524578,5702887,9227465,14930352,24157817,39088169,63245986,102334155,165580141,267914296,433494437,701408733,1134903170,1836311903,2971215073,4807526976,7778742049,12586269025,20365011074,32951280099,53316291173,86267571272,139583862445,225851433717,365435296162,591286729879,956722026041,1548008755920,2504730781961,4052739537881,6557470319842,10610209857723,17167680177565,27777890035288,44945570212853,72723460248141,117669030460994,190392490709135,308061521170129,498454011879264,806515533049393,130496954492865,211148507797795,341645462290670,552793970088259,894439432379146,1447233402467629,2341672834846765,37889062373143906,61305790721611591,99194853094755497,160500643816367088,259695496911122625,420196140727489673,679891637638612258,1100087778366101931,1779979416004714189,2880067194370816120,4660046610375530309,7540113800072321158,122001604151219339,1974027421986822317,3194043463499009999,516807088548583200,8362114348984842297,1353018523447067469,2189229958345552003,3524578,5702887,9227465,14930352,24157817,39088169,63245986,102334155,165580141,267914296,433494437,701408733,1134903170,1836311903,2971215073,4807526976,7778742049,12586269025,20365011074,32951280099,53316291173,86267571272,139583862445,225851433717,365435296162,591286729879,956722026041,1548008755920,2504730781961,4052739537881,6557470319842,10610209857723,17167680177565,27777890035288,44945570212853,72723460248141,117669030460994,190392490709135,308061521170129,498454011879264,806515533049393,130496954492865,211148507797795,341645462290670,552793970088259,894439432379146,1447233402467629,2341672834846765,37889062373143906,61305790721611591,99194853094755497,160500643816367088,259695496911122625,420196140727489673,679891637638612258,1100087778366101931,1779979416004714189,2880067194370816120,4660046610375530309,7540113800072321158,122001604151219339,1974027421986822317,3194043463499009999,516807088548583200,8362114348984842297,1353018523447067469,2189229958345552003,3524578,5702887,9227465,14930352","The problem is greatly simplified by defining the sequence $C=\{c_0,c_1,c_2,\ldots\}$ as $c_n=a_n+b_n$ for all nonnegative integers $n$. Then $c_0=a_0+b_0=0+1=1$ and $c_1=a_1+b_1=1+2=3$. Additionally, for integers $n>1$ we have \begin{align*}
c_n&=a_n+b_n\\
&=(a_{n-1} +b_{n-2})+(a_{n-2} +b_{n-1})\\
&=(a_{n-2}+b_{n-2})+(a_{n-1}+b_{n-1})\\
&=c_{n-2}+c_{n-1}.
\end{align*} This is convenient since we want to determine the remainder of $a_{50}+b_{50}=c_{50}$. Thus, we no longer have to think about the sequences $A$ and $B$, but only about $C$.

The first few terms of $C$ are $1,3,4,7,11,18,29$. When reduced modulo $5$, these terms are $1,3,4,2,1,3,4$. The first four terms are $1,3,4,2$. These continue repeating $\pmod 5$ because the next two terms are $1,3$ and all terms are defined as the sum of the preceding two. Since the cycle has length $4$ and $50\equiv 2\pmod 4$, we have $$c_{50} \equiv c_2 \pmod 5,$$ and thus $c_{50}\equiv \boxed{4}\pmod 5$.",0,0.0
Three cards are chosen at random from a standard 52-card deck.  What is the probability that they are not all the same color?,"There are $\binom{52}{3}$ ways to choose 3 cards from a 52-card deck.  There are $\binom{26}{3}$ ways to choose 3 cards of the same color.  Therefore, the probability that the 3 cards are not all the same color is
$$1-\frac{\binom{26}{3}}{\binom{52}{3}}=1-\frac{26\cdot 25\cdot 24}{52\cdot 51\cdot 50}=\boxed{\frac{49}{50}}.$$
Final Answer: The final answer is \frac{49}{50}. I hope it is correct.","We can find the probability they are all same color, then subtract that from 1. There are 26 cards of each color, so 3 of them can be selected in $\binom{26}{3}$ ways, and of course there are 2 colors.  So the answer is \[1-2\frac{\binom{26}{3}}{\binom{52}{3}}=\boxed{\frac{13}{17}}.\]",0,0.0
"In how many ways can seven beads of distinct colors be put on the hexagonal grid shown, if reflections and rotations of an arrangement are considered equivalent?

[asy]
size(50);
dot((0,0));
dot((1,0));
dot((-1,0));
dot((.5,sqrt(3)/2));
dot((.5,-sqrt(3)/2));
dot((-.5,sqrt(3)/2));
dot((-.5,-sqrt(3)/2));
[/asy]",We can consider the seven beads as seven points on the plane.  We can then consider the seven points as the vertices of a hexagon.  We can then consider the seven points as the vertices of a hexagon.  We can then consider the seven points as the vertices of a hexagon.  We can then consider the seven points as the vertices of a hexagon.  We can then consider the seven points as the vertices of a hexagon.  We can then consider the seven points as the vertices of a hexagon.  We can then consider the seven points as the vertices of a hexagon.  We can then consider the seven points as the vertices of a hexagon.  We can then consider the seven points as the vertices of a hexagon.  We can then consider the seven points as the vertices of a hexagon.  We can then consider the seven points as the vertices of a hexagon.  We can then consider the seven points as the vertices of a hexagon.  We can then consider the seven points as the vertices of a hexagon.  We can then consider the seven points as the vertices of a hexagon.  We can then consider the seven points as the vertices of a hexagon.  We can then consider the seven points as the vertices of a hexagon.  We can then consider the seven points as the vertices of a hexagon.  We can then consider the seven points as the vertices of a hexagon.  We can then consider the seven points as the vertices of a hexagon.  We can then consider the seven points as the vertices of a hexagon.  We can then consider the seven points as the vertices of a hexagon.  We can then consider the seven points as the vertices of a hexagon.  We can then consider the seven points as the vertices of a hexagon.  We can then consider the seven points as the vertices of a hexagon.  We can then consider the seven points as the vertices of a hexagon.  We can then consider the seven points as the vertices of a hexagon.  We can then consider the seven points as the vertices of a hexagon.  We can then consider the seven points as the vertices of a hexagon.  We can then consider the seven points as the vertices of a hexagon.  We can then consider the seven points as the vertices of a hexagon.  We can then consider the seven points as the vertices of a hexagon.  We can then consider the seven points as the vertices of a hexagon.  We can then consider the seven points as the vertices of a hexagon.  We can then consider the seven points as the vertices of a hexagon.  We can then consider the seven points as the vertices of a hexagon.  We can then consider the seven points as the vertices of a hexagon.  We can then consider the seven points as the vertices of a hexagon.  We can then consider the seven points as the vertices of a hexagon.  We can then consider the seven points as the vertices of a hexagon.  We can then consider the seven points as the vertices of a hexagon.  We can then consider the seven points as the vertices of a hexagon.  We can then consider the seven points as the vertices of a hexagon.  We can then consider the seven points as the vertices of a hexagon.  We can then consider the seven points as the vertices of a hexagon.  We can then consider the seven points as the vertices of a hexagon.  We can then consider the seven points as the vertices of a hexagon.  We can then consider the seven points as the vertices of a hexagon.  We can then consider the seven points as the vertices of a hexagon.  We can then consider the seven points as the vertices of a hexagon.  We can then consider the seven points as the vertices of a hexagon.  We can then consider the seven points as the vertices of a hexagon.  We can then consider the seven points as the vertices of a hexagon.  We can then consider the seven points as the vertices of a hexagon.  We can then consider the seven points as the vertices of a hexagon.  We can then consider the seven points as the vertices of a hexagon.  We can then consider the seven points as the vertices of a hexagon.  We can then consider the seven points as the vertices of a hexagon.  We can then consider the seven points as the vertices of a hexagon.  We can then consider the seven points as the vertices of a hexagon.  We can then consider the seven points as the vertices of a hexagon.  We can then consider the seven points as the vertices of a hexagon.  We can then consider the seven points as the vertices of a hexagon.  We can then consider the seven points as the vertices of a hexagon.  We can then consider the seven points as the vertices of a hexagon.  We can then consider the seven points as the vertices of a hexagon.  We can then consider the seven points as the vertices of a hexagon.  We can then consider the seven points as the vertices of a hexagon.  We can then consider the seven points as the vertices of a hexagon.  We can then consider the seven points as the vertices of a hexagon.  We can then consider the seven points as the vertices of a hexagon.  We can then consider the seven points as the vertices of a hexagon.  We can then consider the seven points as the vertices of a hexagon.  We can then consider the seven points as the vertices of a hexagon.  We can then consider the seven points as the vertices of a hexagon.  We can then consider the seven points as the vertices of a hexagon.  We can then consider the seven points as the vertices of a hexagon.  We can then consider the seven points as the vertices of a hexagon.  We can then consider the seven points as the vertices of a hexagon.  We can then consider the seven points as the vertices of a hexagon.  We can then consider the seven points as the vertices of a hexagon.  We can then consider the seven points as the vertices of a hexagon.  We can then consider the seven points as the vertices of a hexagon.  We can then consider the seven points as the vertices of a hexagon.  We can then consider the seven points as the vertices of a hexagon.  We can then consider the seven points as the vertices of a hexagon.  We can then consider the seven points as the vertices of a hexagon.  We can then consider the seven points as the vertices of a hexagon.  We can then consider the seven points as the vertices of a hexagon.  We can then consider the seven points as the vertices of a hexagon.  We can then consider the seven points as the vertices of a hexagon.  We can then consider the seven points as the vertices of a hexagon.  We can then consider the seven points as the vertices of a hexagon.  We can then consider the seven points as the vertices of a hexagon.  We can then consider the seven points as the vertices of a hexagon.  We can then consider the seven points as the vertices of a hexagon.  We can then consider the seven points as the vertices of a hexagon.  We can then consider the seven points as the vertices of a hexagon.  We can then consider the seven points as the vertices of a hexagon.  We can then consider the seven points as the vertices of a hexagon.  We can then consider the seven points as the vertices of a hexagon.  We can then consider the seven points as the vertices of a hexagon.  We can then consider the seven points as the vertices of a hexagon.  We can then consider the seven points as the vertices of a hexagon.  We can then consider the seven points as the vertices of a hexagon.  We can then consider the seven points as the vertices of a hexagon.  We can then consider the seven points as the vertices of a hexagon.  We can then consider the seven points as the vertices of a hexagon.  We can then consider the seven points as the vertices of a hexagon.  We can then consider the seven points as the vertices of a hexagon.  We can then consider the seven points as the vertices of a hexagon.  We can then consider the seven points as the vertices of a hexagon.  We can then consider the seven points as the vertices of a hexagon.  We can then consider the seven points as the vertices of a hexagon.  We can then consider the seven points as the vertices of a hexagon.  We can then consider the seven points as the vertices of a hexagon.  We can then consider the seven points as the vertices of a hexagon.  We can then consider the seven points as the vertices of a hexagon.  We can then consider the seven points as the vertices of a hexagon.  We can then consider the seven points as the vertices of a hexagon.  We can then consider the seven points as the vertices of a hexagon.  We can then consider the seven points as the vertices of a hexagon.  We can then consider the seven points as the vertices of a hexagon.  We can then consider the seven points as the vertices of a hexagon.  We can then consider the seven points as the vertices of a hexagon.  We can then consider the seven points as the vertices of a hexagon.  We can then consider the seven points as the vertices of a hexagon.  We can then consider the seven points as the vertices of a hexagon.  We can then consider the seven points as the vertices of a hexagon.  We can then consider the seven points as the vertices of a hexagon.  We can then consider the seven points as the vertices of a hexagon.  We can then consider the seven points as the vertices of a hexagon.  We can then consider the seven points as the vertices of a hexagon.  We can then consider the seven points as the vertices of a hexagon.  We can then consider the seven points as the vertices of a hexagon.  We can then consider the seven points as the vertices of a hexagon.  We can then consider the seven points as the vertices of a hexagon.  We can then consider the seven points as the vertices of a hexagon.  We can then consider the seven points as the vertices of a hexagon.  We can then consider the seven points as the vertices of a hexagon.  We can then consider the seven points as the vertices of a hexagon.  We can then consider the seven points as the vertices of a hexagon.  We can then consider the seven points as the vertices of a hexagon.  We can then consider the seven points as the vertices of a hexagon.  We can then consider the seven points as the vertices of a hexagon.  We can then consider the seven points as the vertices of a hexagon.  We can then consider the seven points as the vertices of a hexagon.  We can then consider the seven points as the vertices of a hexagon.  We can then consider the seven points as the vertices of a hexagon.  We can then consider the seven points as the vertices of a hexagon.  We can then consider the seven points as the vertices of a hexagon.  We can then consider the seven points as the vertices of a hexagon.  We can then consider the seven points as the vertices of a hexagon.  We can then consider the seven points as the vertices of a hexagon.  We can then consider the seven points as the vertices of a hexagon.  We can then consider the seven points as the vertices of a hexagon.  We can then consider the seven points as the vertices of a hexagon.  We can then consider the seven points as the vertices of a hexagon.  We can then consider the seven points as the vertices of a hexagon.  We can then consider the seven points as the vertices of a hexagon.  We can then consider the seven points as the vertices of a hexagon.  We can then consider the seven points as the vertices of a hexagon.  We can then consider the seven points as the vertices of a hexagon.  We can then consider the seven points as the vertices of a hexagon.  We can then consider the seven points as the vertices of a hexagon.  We can then consider the seven points as the vertices of a hexagon.  We can then consider the seven points as the vertices of a hexagon.  We can then consider the seven points as the vertices of a hexagon.  We can then consider the seven points as the vertices of a hexagon.  We can then consider the seven points as the vertices of a hexagon.  We can then consider the seven points as the vertices of a hexagon.  We can then consider the seven points as the vertices of a hexagon.  We can then consider the seven points as the vertices of a hexagon.  We can then consider the seven points as the vertices of a hexagon.  We can then consider the seven points as the vertices of a hexagon.  We can then consider the seven points as the vertices of a hexagon.  We can then consider the seven points as the vertices of a hexagon.  We can then consider the seven points as the vertices of a hexagon.  We can then consider the seven points as the vertices of a hexagon.  We can then consider the seven points as the vertices of a hexagon.  We can then consider the seven points as the vertices of a hexagon.  We can then consider the seven points as the vertices of a hexagon.  We can then consider the seven points as the vertices of a hexagon.  We can then consider the seven points as the vertices of a hexagon.  We can then consider the seven points as the vertices of a hexagon.  We can then consider the seven points as the vertices of a hexagon.  We can then consider the seven points as the vertices of a hexagon.  We can then consider the seven points as the vertices of a hexagon.  We can then consider the seven points as the vertices of a hexagon.  We can then consider the seven points as the vertices of a hexagon.  We can then consider the seven points as the vertices of a hexagon.  We can then consider the seven points as the vertices of a hexagon.  We can then consider the seven points as the vertices of a hexagon.  We can then consider the seven points as the vertices of a hexagon.  We can then consider the seven points as the vertices of a hexagon.  We can then consider the seven points as the vertices of a hexagon.  We can then consider the seven points as the vertices of a hexagon.  We can then consider the seven points as the vertices of a hexagon.  We can then consider the seven points as the vertices of a hexagon.  We can then consider the seven points as the vertices of a hexagon.  We can then consider the seven points as the vertices of a hexagon.  We can then consider the seven points as the vertices of a hexagon.  We can then consider the seven points as the vertices of a hexagon.  We can then consider the seven points as the vertices of a hexagon.  We can then consider the seven points as the vertices of a hexagon.  We can then consider the seven points as the vertices of a hexagon.  We can then consider the seven points as the vertices of a hexagon.  We can then consider the seven points as the vertices of a hexagon.  We can then consider the seven points as the vertices of a hexagon.  We can then consider the seven points as the vertices of a hexagon.  We can then consider the seven points as the vertices of a hexagon.  We can then consider the seven points as the vertices of a hexagon.  We can then consider the seven points as the vertices of a hexagon.  We can then consider the seven points as the vertices of a hexagon.  We can then consider the seven points as the vertices of a hexagon.  We can then consider the seven points as the vertices of a hexagon.  We can then consider the seven points as the vertices of a hexagon.  We can then consider the seven points as the vertices of a hexagon.  We can then consider the seven points as the vertices of a hexagon.  We can then consider the seven points as the vertices of a hexagon.  We can then consider the seven points as the vertices of a hexagon.  We can then consider the seven points as the vertices of a hexagon.  We can then consider the seven points as the vertices of a hexagon.  We can then consider the seven points as the vertices of a hexagon.  We can then consider the seven points as the vertices of a hexagon.  We can then consider the seven points as the vertices of a hexagon.  We can then consider the seven points as the vertices of a hexagon.  We can then consider the seven points as the vertices of a hexagon.  We can then consider the seven points as the vertices of a hexagon.  We can then consider the seven points as the vertices of a hexagon.  We can then consider the seven points as the vertices of a hexagon.  We can then consider the seven points as the vertices of a hexagon.  We can then consider the seven points as the vertices of a hexagon.  We can then consider the seven points as the vertices of a hexagon.  We can then consider the seven points as the vertices of a hexagon.  We can then consider the seven points as the vertices of a hexagon.  We can then consider the seven points as the vertices of a hexagon.  We can then consider the seven points as the vertices of a hexagon.  We can then consider the seven points as the vertices of a hexagon.  We can then consider the seven points as the vertices of a hexagon.  We can then consider the seven points as the vertices of a hexagon.  We can then consider the seven points as the vertices of a hexagon.  We can then consider the seven points as the vertices of a hexagon.  We can then consider the seven points as the vertices of a hexagon.  We can then consider the seven points as the vertices of a hexagon.  We can then consider the seven points as the vertices of a hexagon.  We can then consider the seven points as the vertices of a hexagon.  We can then consider the seven points as the vertices of a hexagon.  We can then consider the seven points as the vertices of a hexagon.  We can then consider the seven points as the vertices of a hexagon.  We can then consider the seven points as the vertices of a hexagon.  We can then consider the seven points as the vertices of a hexagon.  We can then consider the seven points as the vertices of a hexagon.  We can then consider the seven points as the vertices of a hexagon.  We can then consider the seven points as the vertices of a hexagon.  We can then consider the seven points as the vertices of a hexagon.  We can then consider the seven points as the vertices of a hexagon.  We can then consider the seven points as the vertices of a hexagon.  We can then consider the seven points as the vertices of a hexagon.  We can then consider the seven points as the vertices of a hexagon.  We can then consider the seven points as the vertices of a hexagon.  We can then consider the seven points as the vertices of a hexagon.  We can then consider the seven points as the vertices of a hexagon.  We can then consider the seven points as the vertices of a hexagon.  We can then consider the seven points as the vertices of a hexagon.  We can then consider the seven points as the vertices of a hexagon.  We can then consider the seven points as the vertices of a hexagon.  We can then consider the seven points as the vertices of a hexagon.  We can then consider the seven points as the vertices of a hexagon.  We can then consider the seven points as the vertices of a hexagon.  We can then consider the seven points as the vertices of a hexagon.  We can then consider the seven points as the vertices of a hexagon.  We can then consider the seven points as the vertices of a hexagon.  We can then consider the seven points as the vertices of a hexagon.  We can then consider the seven points as the vertices of a hexagon.  We can then consider the seven points as the vertices of a hexagon.  We can then consider the seven points as the vertices of a hexagon.  We can then consider the seven points as the vertices of a hexagon.  We can then consider the seven points as the vertices of a hexagon.  We can then consider the seven points as the vertices of a hexagon.  We can then consider the seven points as the vertices of a hexagon.  We can then consider the seven points as the vertices of a hexagon.  We can then consider the seven points as the vertices of a hexagon.  We can then consider the seven points as the vertices of a hexagon.  We can then consider the seven points as the vertices of a hexagon.  We can then consider the seven points as the vertices of a hexagon.  We can then consider the seven points as the vertices of a hexagon.  We can then consider the seven points as the vertices of a hexagon.  We can then consider the seven points as the vertices of a hexagon.  We can then consider the seven points as the vertices of a hexagon.  We can then consider the seven points as the vertices of a hexagon.  We can then consider the seven points as the vertices of a hexagon.  We can then consider the seven points as the vertices of a hexagon.  We can then consider the seven points as the vertices of a hexagon.  We can then consider the seven points as the vertices of a hexagon.  We can then consider the seven points as the vertices of a hexagon.  We can then consider the seven points as the vertices of a hexagon.  We can then consider the seven points as the vertices of a hexagon.  We can then consider the seven points as the vertices of a hexagon.  We can then consider the seven points as the vertices of a hexagon.  We can then consider the seven points as the vertices of a hexagon.  We can then consider the seven points as the vertices of a hexagon.  We can then consider the seven points as the vertices of a hexagon.  We can then consider the seven points as the vertices of a hexagon.  We can then consider the seven points as the vertices of a hexagon.  We can then consider the seven points as the vertices of a hexagon.  We can then consider the seven points as the vertices of a hexagon.  We can then consider the seven points as the vertices of a hexagon.  We can then consider the seven points as the vertices of a hexagon.  We can then consider the seven points as the vertices of a hexagon.  We can then consider the seven points as the vertices of a hexagon.  We can then consider the seven points as the vertices of a hexagon.  We can then consider the seven points as the vertices of a hexagon.  We can then consider the seven points as the vertices of a hexagon.  We can then consider the seven points as the vertices of a hexagon.  We can then consider the seven points as the vertices of a hexagon.  We can then consider the seven points as the vertices of a hexagon.  We can then consider the seven points as the vertices of a hexagon.  We can then consider the seven points as the vertices of a hexagon.  We can then consider the seven points as the vertices of a hexagon.  We can then consider the seven points as the vertices of a hexagon.  We can then consider the seven points as the vertices of a hexagon.  We can then consider the seven points as the vertices of a hexagon.  We can then consider the seven points as the vertices of a hexagon.  We can then consider the seven points as the vertices of a hexagon.  We can then consider the seven points as the vertices of a hexagon.  We can then consider the seven points as the vertices of a hexagon.  We can then consider the seven points as the vertices of a hexagon.  We can then consider the seven points as the vertices of a hexagon.  We can then consider the seven points as the vertices of a hexagon.  We can then consider the seven points as the vertices of a hexagon.  We can then consider the seven points as the vertices of a hexagon.  We can then consider the seven points as the vertices of a hexagon.  We can then consider the seven points as the vertices of a hexagon.  We can then consider the seven points as the vertices of a hexagon.  We can then consider the seven points as the vertices of a hexagon.  We can then consider the seven points as the vertices of a hexagon.  We can then consider the seven points as the vertices of a hexagon.  We can then consider the seven points as the vertices of a hexagon.  We can then consider the seven points as the vertices of a hexagon.  We can then consider the seven points as the vertices of a hexagon.  We can then consider the seven points as the vertices of a hexagon.  We can then consider the seven points as the vertices of a hexagon.  We can then consider the seven points as the vertices of a hexagon.  We can then consider the seven points as the vertices of a hexagon.  We can then consider the seven points as the vertices of a hexagon.  We can then consider the seven points as the vertices of a hexagon.  We can then consider the seven points as the vertices of a hexagon.  We can then consider the seven points as the vertices of a hexagon.  We can then consider the seven points as the vertices of a hexagon.  We can then consider the seven points as the vertices of a hexagon.  We can then consider the seven points as the vertices of a hexagon.  We can then consider the seven points as the vertices of a hexagon.  We can then consider the seven points as the vertices of a hexagon.  We can then consider the seven points as the vertices of a hexagon.  We can then consider the seven points as the vertices of a hexagon.  We can then consider the seven points as the vertices of a hexagon.  We can then consider the seven points as the vertices of a hexagon.  We can then consider the seven points as the vertices of a hexagon.  We can then consider the seven points as the vertices of a hexagon.  We can then consider the seven points as the vertices of a hexagon.  We can then consider the seven points as the vertices of a hexagon.  We can then consider the seven points as the vertices of a hexagon.  We can then consider the seven points as the vertices of a hexagon.  We can then consider the seven points as the vertices of a hexagon.  We can then consider the seven points as the vertices of a hexagon.  We can then consider the seven points as the vertices of a hexagon.  We can then consider the seven points as the vertices of a hexagon.  We can then consider the seven points as the vertices of a hexagon.  We can then consider the seven points as the vertices of a hexagon.  We can then consider the seven points as the vertices of a hexagon.  We can then consider the seven points as the vertices of a hexagon.  We can then consider the seven points as the vertices of a hexagon.  We can then consider the seven points as the vertices of a hexagon.  We can then consider the seven points as the vertices of a hexagon.  We can then consider the seven points as the vertices of a hexagon.  We can then consider the seven points as the vertices of a hexagon.  We can then consider the seven points as the vertices of a hexagon.  We can then consider the seven points as the vertices of a hexagon.  We can then consider the seven points as the vertices of a hexagon.  We can then consider the seven points as the vertices of a hexagon.  We can then consider the seven points as the vertices of a hexagon.  We can then consider the seven points as the vertices of a hexagon.  We can then consider the seven points as the vertices of a hexagon.  We can then consider the seven points as the vertices of a hexagon.  We can then consider the seven points as the vertices of a hexagon.  We can then consider the seven points as the vertices of a hexagon.  We can then consider the seven points as the vertices of a hexagon.  We can then consider the seven points as the vertices of a hexagon.  We can then consider the seven points as the vertices of a hexagon.  We can then consider the seven points as the vertices of a hexagon.  We can then consider the seven points as the vertices of a hexagon.  We can then consider the seven points as the vertices of a hexagon.  We can then consider the seven points as the vertices of a hexagon.  We can then consider the seven points as the vertices of a hexagon.  We can then consider the seven points as the vertices of a hexagon.  We can then consider the seven points as the vertices of a hexagon.  We can then consider the seven points as the vertices of a hexagon.  We can then consider the seven points as the vertices of a hexagon.  We can then consider the seven points as the vertices of a hexagon.  We can then consider the seven points as the vertices of a hexagon.  We can then consider the seven points as the vertices of a hexagon.  We can then consider the seven points as the vertices of a hexagon.  We can then consider the seven points as the vertices of a hexagon.  We can then consider the seven points as the vertices of a hexagon.  We can then consider the seven points as the vertices of a hexagon.  We can then consider the seven points as the vertices of a hexagon.  We can then consider the seven points as the vertices of a hexagon.  We can then consider the seven points as the vertices of a hexagon.  We can then consider the seven points as the vertices of a hexagon.  We can then consider the seven points as the vertices of a hexagon.  We can then consider the seven points as the vertices of a hexagon.  We can then consider the seven points as the vertices of a hexagon.  We can then consider the seven points as the vertices of a hexagon.  We can then consider the seven points as the vertices of a hexagon.  We can then consider the seven points as the vertices of a hexagon.  We can then consider the seven points as the vertices of a hexagon.  We can then consider the seven points as the vertices of a hexagon.  We can then consider the seven points as the vertices of a hexagon.  We can then consider the seven points as the vertices of a hexagon.  We can then consider the seven points as the vertices of a hexagon.  We can then consider the seven points as the vertices of a hexagon.  We can then consider the seven points as the vertices of a hexagon.  We can then consider the seven points as the vertices of a hexagon.  We can then consider the seven points as the vertices of a hexagon.  We can then consider the seven points as the vertices of a hexagon.  We can then consider the seven points as the vertices of a hexagon.  We can then consider the seven points as the vertices of a hexagon.  We can then consider the seven points as the vertices of a hexagon.  We can then consider the seven points as the vertices of a hexagon.  We can then consider the seven points as the vertices of a hexagon.  We can then consider the seven points as the vertices of a hexagon.  We can then consider the seven points as the vertices of a hexagon.  We can then consider the seven points as the vertices of a hexagon.  We can then consider the seven points as the vertices of a hexagon.  We can then consider the seven points as the vertices of a hexagon.  We can then consider the seven points as the vertices of a hexagon.  We can then consider the seven points as the vertices of a hexagon.  We can then consider the seven points as the vertices of a hexagon.  We can then consider the seven points as the vertices of a hexagon.  We can then consider the seven points as the vertices of a hexagon.  We can then consider the seven points as the vertices of a hexagon.  We can then consider the seven points as the vertices of a hexagon.  We can then consider the seven points as the vertices of a hexagon.  We can then consider the seven points as the vertices of a hexagon.  We can then consider the seven points as the vertices of a hexagon.  We can then consider the seven points as the vertices of a hexagon.  We can then consider the seven points as the vertices of a hexagon.  We can then consider the seven points as the vertices of a hexagon.  We can then consider the seven points as the vertices of a hexagon.  We can then consider the seven points as the vertices of a hexagon.  We can then consider the seven points as the vertices of a hexagon.  We can then consider the seven points as the vertices of a hexagon.  We can then consider the seven points as the vertices of a hexagon.  We can then consider the seven points as the vertices of a hexagon.  We can then consider the seven points as the vertices of a hexagon.  We can then consider the seven points as the vertices of a hexagon.  We can then consider the seven points as the vertices of a hexagon.  We can then consider the seven points as the vertices of a hexagon.  We can then consider the seven points as the vertices of a hexagon.  We can then consider the seven points as the vertices of a hexagon.  We can then consider the seven points as the vertices of a hexagon.  We can then consider the seven points as the vertices of a hexagon.  We can then consider the seven points as the vertices of a hexagon.  We can then consider the seven points as the vertices of a hexagon.  We can then consider the seven points as the vertices of a hexagon.  We can then consider the seven points as the vertices of a hexagon.  We can then consider the seven points as the vertices of a hexagon.  We can then consider the seven points as the vertices of a hexagon.  We can then consider the seven points as the vertices of a hexagon.  We can then consider the seven points as the vertices of a hexagon.  We can then consider the seven points as the vertices of a hexagon.  We can then consider the seven points as the vertices of a hexagon.  We can then consider the seven points as the vertices of a hexagon.  We can then consider the seven points as the vertices of a hexagon.  We can then consider the seven points as the vertices of a hexagon.  We can then consider the seven points as the vertices of a hexagon.  We can then consider the seven points as the vertices of a hexagon.  We can then consider the seven points as the vertices of a hexagon.  We can then consider the seven points as the vertices of a hexagon.  We can then consider the seven points as the vertices of a hexagon.  We can then consider the seven points as the vertices of a hexagon.  We can then consider the seven points as the vertices of a hexagon.  We can then consider the seven points as the vertices of a hexagon.  We can then consider the seven points as the vertices of a hexagon.  We can then consider the seven points as the vertices of a hexagon.  We can then consider the seven points as the vertices of a hexagon.  We can then consider the seven points as the vertices of a hexagon.  We can then consider the seven points as the vertices of a hexagon.  We can then consider the seven points as the vertices of a hexagon.  We can then consider the seven points as the vertices of a hexagon.  We can then consider the seven points as the vertices of a hexagon.  We can then consider the seven points as the vertices of a hexagon.  We can then consider the seven points as the vertices of a hexagon.  We can then consider the seven points as the vertices of a hexagon.  We can then consider the seven points as the vertices of a hexagon.  We can then consider the seven points as the vertices of a hexagon.  We can then consider the seven points as the vertices of a hexagon.  We can then consider the seven points as the vertices of a hexagon.  We can then consider the seven points as the vertices of a hexagon.  We can then consider the seven points as the vertices of a hexagon.  We can then consider the seven points as the vertices of a hexagon.  We can then consider the seven points as the vertices of a hexagon.  We can then consider the seven points as the vertices of a hexagon.  We can then consider the seven points as the vertices of a hexagon.  We can,"There are $7!$ ways to put the beads on the grid, not considering rotations and reflections. Arrangements can be reflected or not reflected and can be rotated by 0, 60, 120, 180, 240, or 300 degrees, so they come in groups of twelve equivalent arrangements. Correcting for the symmetries, we find that there are $7!/12=\boxed{420}$ distinct arrangements.",0,0.0
For how many integers $n$ where $2 \le n \le 100$ is $\binom{n}{2}$ odd?,"We have that $\binom{n}{2} = \frac{n(n-1)}{2}$, and this is odd if and only if $n$ is odd.  There are $\boxed{50}$ odd integers between $2$ and $100$.
Final Answer: The final answer is 50. I hope it is correct.","$\binom{n}{2} = \frac{n(n-1)}{2}$. In order for this fraction to be odd, neither $n$ nor $n-1$ can be divisible by $4$, because only one of $n$ and $n-1$ can be even. There are $25$ integers where $n$ is divisible by $4$, namely the multiples of $4$ from $4$ to $100$. There are $24$ integers where $n-1$ is divisible by $4$. We can obtain these integers by incrementing all the multiples of $4$ by $1$, but we must not include $100$ since $100+1 = 101 > 100$. Therefore, there are $49$ invalid integers, so there are $99 - 49 = \boxed{50}$ valid integers.",1,0.0
